agree	賛成する
oppose	(～に)反対する
advise	(～に)忠告する
tip	助言(ヒント、チップ)
discuss	(～について)話し合う
blame	(～に)責任があるとする
argue that SV	(～と)主張する
claim that SV	(SVと)主張する
complain	文句を言う
offer	(～を)申し出る
suggest	(～を)示唆する
recommend	(～を)推薦する
grateful	感謝している
apologize	謝る
excuse	言い訳(～を許す)
celebrate	(～を)祝う
admire	(～に)感心する
impress	(～に)感銘を与える
award	賞
describe	([描写的]～を)説明する
explain	([理由]～を)説明する
communicate	意志の疎通をはかる
express	（意見、気持ちを）表現する
promise	約束
information	情報
technology	（科学）技術
research	（学術）研究
material	材料
artificial	人工的な
electric	電気の
invent	(～を)発明する
discover	(～を)発見する
develop	発達する
skill	技術
ability	能力
talent	才能
effort	努力
practice	練習
game	試合
achieve	(～を)達成する
manage to do	何とかして(〜)する
improve	(～を)改善する
produce	(～を)生産する
create	(～を)創造する
establish	(～を)確立する
save	（時間、手間を）省く
medicine	薬
patient	患者
condition	状態(容態)
medical	医療の
stress	ストレス
suffer	（病気などで）苦しむ
exercise	運動
breathe	呼吸する
thirsty	のどが渇いた
physical	身体的な
fever	（体温の）熱
strength	体力
tear	涙(～を引き裂く)
taste	(～の)味がする
rule	規則
role	役割
habit	(個人の癖)習慣
custom	（文化としての）習慣
tradition	伝統
society	社会
law	法律(法則)
ancestor	祖先
population	人口
native	母国の(その土地の)
abroad	海外へ
local	その土地の(地元の)
survey	調査
evidence	証拠
value	価値
treasure	財宝
fashion	流行
public	大衆
vote	投票
government	政府
nation	国家
capital	首都
state	州
political	政治的な
price	価格
cost	（費用を）要する
sum	金額(合計)
budget	予算
fee	（会費、遊園地などの）料金
fare	運賃
bill	勘定(請求書)
trade	貿易
wealth	富
economy	経済
company	会社
task	仕事
earn	（金を）稼ぐ
hurt	（身体の部位が）痛む
injure	(～を)痛める
damage	(～に)損害を与える
destroy	(～を完全に）破壊する
ruin	(～を)台無しにする
danger	危険
neighbor	近所の人
audience	聴衆
crowd	群衆
author	著者
staff	職員
clerk	店員
customer	客
passenger	乗客
elderly	年配くらいの
female	女性の
head	向かう
follow	(～の)後について行く
wander	歩き回る
travel	旅行する
pass	(～を)通り過ぎる
likely to do	(～)しそうだ
natural	当然の
certain	確かな
probably	おそらく
face	(～に)直面する
avoid	(～を)避ける
solve	(～を)解決する
trouble	問題(ごたごた)
issue	問題
cheer	([on]〜に)声援を送る
encourage	促す(奨励する)
support	(～を)支持する
prevent	(～を)妨げる
deny	(を)否定する(を拒む)
enable A to do	(Aに～することを)可能にする
succeed	成功する
miss	(～を)逃す
fail	失敗する
mistake	間違い
check	(～を)調べる
hide	(～を)隠す
draw	（線で絵などを)描く
join	(～に)加わる
throw	(～を)投げる
operate	(～を)操作する
repair	(～を)修理する
sew	(～を)縫う
raise	(～を)上げる
serve	(飲食物）を出す
pour	(～を)注ぐ
spill	(～を)こぼす
pretend	ふりをする
behave	ふるまう
bear	(～に)耐える
explore	(～を)探検する
happen	起こる
appear	現れる
remain	(～)のままでいる
survive	生き残る
belong	所属している
represent	(～を)代表する
base	(～の)基礎を置く
include	([追加要素として]～を)含む
contain	([中に]～を)含む
own	自分自身の
share	(～を)共有する
collect	（同種の物を)集める
gather	(あちこちから～を)集める
history	歴史
subject	科目
education	教育
knowledge	知識
uniform	制服
grade	学年
senior	最上級生
graduate	卒業する
decide to do	（～)することを決定する
judge	(～を)判断する
quit	(～を完全に）やめる
retire	引退する
review	再検討
choose	(～を)選ぶ
imagine	(～を)想像する
guess	(～を)推測する
expect	(～を)予期する
predict	(～を)予測する
remember	(～を)覚えている
remind	思い出させる
realize	(～をはっきり）理解する
appreciate	(～を正しく）理解する
accept	(～を)受け入れる
consider	(～を)よく考える
mind	気にする
wonder	(～)かなと思う
seem	(～)のように思われる
compare	比較する
concentrate	集中する
focus	焦点を当てる
allow	(～を)許可する
admit	(～を)認める
ground	地面
pollution	汚染
sight	光景
view	眺め
landscape	風景
nature	自然
seed	種
plant	植物
bloom	（花が）咲く
harvest	収穫
insect	昆虫
earthquake	地震
temperature	温度
degree	(温度などの)度
flood	洪水
freeze	凍る
reflect	(～を)反射する
polite	(人、言動が)礼儀正しい
rude	無礼な
lonely	孤独な
lazy	怠惰な
strict	厳しい
ugly	醜い
intelligent	知的な
silly	ばかな
nervous	あがって
awake	目を覚まして
attitude	態度
character	性格
characteristic	特徴〈可算〉
feature	特徴
detail	詳細
advantage	利点
fault	欠点
quality	質
correct	正確な
ideal	理想的な
fair	公正な
appropriate	適切な
famous	有名な
elementary	初歩的な
major	主要な
matter	重要である
bright	明るい
brilliant	輝いている
lively	生き生きとした
comfortable	快適な
pleasant	楽しい
convenient	都合がよい
FALSE	誤った
terrible	ひどい
awful	ひどい
thin	薄い
tight	引き締まった
loose	ゆるい
raw	生の
empty	空の
smooth	滑らかな
direct	直接的な
familiar	知られた
similar	似た
differ	異なる
vary	さまざまだ
specific	特定の
common	普及した
unusual	珍しい
add	(～を )加える
increase	増える
reduce	(～を)減らす
divide	(～を)分割する
count	(～を)数える
weigh	(～)の重さがある
quarter	4分の1
lot	多くの
pile	積み重ね
rate	割合
figure	数字
lack	不足
extra	余分な
ready	用意ができている
prepare	(～)の準備をする
adjust	慣れる
apply	当てはまる
suit	に適している
case	場合
scene	場面
chance	(向こうからやってきた)機会
opportunity	(自分から得ようと思った)機会
experience	経験
time	時間
spring	春
minute	分
period	時代
generation	世代
anniversary	記念日
recently	最近
used	以前は(～だった)
early	早く
first	第1の
latest	最新の
modern	現代の
latter	後半の
spend	(を)費やす
delay	(～を)遅らせる
borrow	(～を)借りる
lend	(～を)貸す
rent	(お金を払って～を)借りる
provide	(～を)供給する
shelf	棚（の一段）
board	（細長い）板
garbage	ごみ
item	品物(項目)
wheel	車輪
note	メモ
present	プレゼント(現在)
stuff	（漠然とした）もの
string	ひも
leisure	余暇
diet	食事
furniture	家具
refrigerator	冷蔵庫
traffic	交通（量）
jam	渋滞
sell	(～を)売る
pay	(を)支払う
wear	(～を)身につけている
clothes	服
marry	(～と)結婚する
greet	(～に)挨拶する
order	(～を)注文する(～に命令する)
room	部屋(余地)
story	階
site	用地
yard	庭
bottom	底
line	列(縦・前後)
row	列(横・左右)
background	背景
direction	方向(指示)
art	芸術(技術)
culture	文化
cartoon	漫画
novel	小説
instrument	楽器(器具)
tune	曲
sentence	文
article	記事
passage	一節
vocabulary	語彙
rumor	うわさ
spell	(～を)つづる
pronounce	(を)発音する
sign	兆候(印)
mean	(～を)意味する
publish	(～を)出版する
display	(～を)展示する
trust	(～を)信頼する
depend on	(～)次第である
rely	頼る
pray	祈る
beg	(～を)嘆願する
prefer A to B	BよりAを好む
weep	しくしく泣く
hate	(～を)嫌う
worry	心配をする
anxious	心配して
satisfy	(～を)満足させる
annoy	(～を)いらだたせる
bother	(～に)面倒をかける
disturb	(～に)迷惑をかける
frighten	(～を)おびえさせる
upset	(～を)動揺させる
regret	(～を)後悔する
favor	親切な行為
interest	関心
pity	残念なこと
due to	(...が)原因で
reason	理由
result	結果
effect	効果
influence	影響（力）
cause	(～を)引き起こす
affect	(～に)影響を与える
way	方法
manner	方法
purpose	目的
sake	ため
right	ちょうど
complete	完全な
hardly	ほとんど(～)ない
nearly	ほとんど
partly	ある程度(部分的に)
actually	実は
indeed	実際に
even	さえも
exactly	正確に
gradually	徐々に
therefore	それゆえに
instead	代わりに
until	(〜)まで（ずっと）
besides	(～)に加えて
except	(～)を除いて
debate	討論 [～を討論する]
criticize	[～を]批判する
accuse	[～を]非難する[～を告訴する]
insist	[（on)～と）]言い張る[（強く）主張する]
object	[（to）～に感情的に]反対する [物 目的（嘲笑，欲望などの）対象]
protest	（against ～）（～に対して）抗議する [抗議]
controversial	論争を招く[物議をかもす]
bound	（to do）きっと～（する，～する［である］に違いない） （for ～行きで)
bet	(that S Vきっと～だと思う) [～を]賭ける
congratulate	（人を)祝う(～にお祝いを述べる)
praise	（A for B）（AをB のことで）褒める[称える 賞賛]
honor	名誉[栄誉,～を敬う]
chat	おしゃべりする [おしゃべり]
refer	（to ～）（人が～に）言及する[参照する,示す]
mention	(について)述べる(言及する)
convey	(～を)伝える （乗客，音，病気などを運ぶ)
emphasize	(～を)強調する
exaggerate	(～を)誇張する (大げさに言う)
reply	（to ～）（～に）返事をする(答える,返事，答え)
respond	（to ～）（手紙や問いなどに）返答する （to ～に対応する，反応する)
whisper	ささやく (ささやき,声）
remark	(発言)(～と)発言する
observe	(～を)観察する（that S V）（気づいたことを～と述べる) （規則などを遵守する )（記念日などを祝う)
theory	理論 （学説)
analysis	分析
experiment	実験 (実験する)
device	装置
phenomenon	現象 (特異なもの，天才)
substance	物質 (本質，根拠)
chemical	（通例 －s）化学物質 (化学の)
fuel	燃料 （感情などを大きくする)
nuclear	原子力の(核の)
statistics	統計（値）〈複数扱い〉 (統計学〈不可算〉)
pursue	(～を)追求する(続ける ～を追跡する)
accomplish	(～を)やり遂げる
overcome	(～を)克服する
fulfill	（義務，願望などを)果たす （必要などを満たす)
devote	（A to B） （AをB に）ささげる
aim	狙う （-ed at ～向けだ )(狙い，目的)
challenge	難問(課題)(～に異議を唱える)
trial	試み (裁判,試練)
dizzy	めまいがして
pale	（顔色が）青白い(青ざめた,色が淡い)
appetite	食欲
starve	（be －ing）とてもお腹が空いている (餓死する)
mental	精神の (知力の)
rest	休憩 （the －残り) （横になったりして休む) （on ～）（～次第だ) (～を休ませる)
ache	痛み (痛む)
surgery	手術 (外科)（① ②ともに〈不可算〉)
disease	病気
symptom	（通例 －s）症状(兆候)
cancer	がん （C－カニ座)
ambulance	救急車
recover	（from ～）（～から）回復する （盗品などを取り戻す)
sore	（のどや筋肉が）痛い （話題など触れてほしくない，心が痛む)
swell	（手足などが）腫れる （風船，費用などが膨らむ)
cough	咳をする (咳〈可算〉)
bleed	出血する
faint	（色，光などが）かすかな (気絶する, 気絶)
exhaust	[～を]疲れ果てさせる (～を使い果たす) (排出，排気ガス)
cure	(～を)治療する (治療法)
disabled	障がいのある （the －）（集合的に）(障がいのある人)
stiff	（筋肉などが）凝った，（動かすと痛い) (堅い)
muscle	筋肉
tongue	舌 (言語，言葉) （have a ～ tongue 話し方)
sense	感覚 (分別,意味) （何となく～を感じる)
sweat	汗（通例〈不可算〉） (汗をかく)
nationality	国籍
citizen	市民 (国民)
civil	（一般）市民の (国内の,礼儀正しい)
racial	人種の(民族の)
domestic	国内の(家庭内の)
rural	田舎の
suburb	（通例the －s）郊外
border	国境（地帯）(境界,～を縁取る)
burden	重荷(負担)
impact	（on）（～への）影響 （物体間の衝撃) （on）（～に影響を及ぼす)
status	地位（特定の時点の状況)
equal	（to）（～に）等しい(平等な,に等しい)
relationship	関係(親密な関係) 〈可算〉
reputation	（人，物の）評判〈可算〉
trend	（世の中の）風潮(傾向,流行)
service	（政府あるいは企業による）事業(制度)（電車，バスの便)(サービス，接客〈不可算〉)
religion	宗教
moral	道徳的な （物語の教訓) （－s 道徳)
standard	基準(水準,標準の)
prosperity	繁栄
crisis	危機
prejudice	偏見(先入観)(～に偏見をもたせる)
discrimination	差別(識別)
charity	慈善（事業）〈不可算〉(慈善団体〈可算〉 )(慈善のための)
benefit	恩恵 （－s 手当)（from）（～から利益を得る)(～に利益を与える)
welfare	福祉 （健康なども含めた幸福,生活保護)
community	（地域）社会(共同体（の人々）)
individual	個人(個体,個人の，個々の)
official	役人(役員,公式の)
immigrant	（外国からの）移民
volunteer	ボランティア （to do）（～することを）進んで引き受ける
contribute	（to）（～に）貢献する （の一因となる)（A to B）（A）をB に寄付する，提供する)
abolish	(～を)廃止する
impose	（A on B）（AをB に）課す(押しつける)
access	利用する権利 （場所への接近方法)
duty	義務(関税)
compulsory	義務的な(規定の)
responsible	（人が主語）責任がある （物が主語:原因となっている)
policy	政策 (方針,保険契約，約款)
elect	(～を選挙で）選ぶ
industry	工業 （the ～ industry 産業，業界,勤勉)
income	収入
profit	利益(利潤)
tax	税金（〈米〉→〈可算〉 〈英〉→〈不可算〉）
expense	費用(経費,（at the － of ～を犠牲にして）
debt	借金
deposit	預金(頭金，保証金,埋蔵物,～を預ける)
charge	料金 (責任，管理) （against ～に対する非難，告訴) (を請求する,を告訴する,を充電する)
wage	賃金 （闘争，運動などを行う)
recession	不況(不景気)
consume	(～を)消費する
waste	(～を)浪費する (浪費，無駄,廃棄物〈不可算〉)
invest	（A in B）（AをB に）投資する （A with B）（AにB を与える)
import	(～を)輸入する (輸入，輸入品)
financial	財政的な(金銭的な)
hire	(～を一時的に）雇う （金を払って～を借りる)
employ	（人を)雇う （物，事を用いる)
resign	（as ～を）辞職する （地位などを辞める)
qualify	（for ～の）資格がある （as ～としての資格を得る) (～に資格を与える)
assign	(～を)割り当てる (～を配属する)
occupation	職業〈可算〉 (占有，占領〈不可算〉)
career	職業 (経歴)
profession	（専門的な）職業 （the 同業者集団)
unemployment	失業 (失業率（＝－rate），失業者数 )
document	書類(資料,を記録する)
department	（組織の）部門(課,学科,省)
branch	支店(支局,(学問の)部門,枝)
retail	小売り〈不可算〉(小売りされている)
system	組織(制度,体系) （①②ともに〈可算〉）
structure	構造
architecture	建築（様式）〈不可算〉
construction	建設〈不可算〉
function	機能 (機能する)(製品がdoするもの)
surface	表面(表面化する)
aspect	側面
edge	端 （ナイフなどの刃,優位)
consist	（of ～で）構成されている （in ～にある)
compose	(～を)構成する(組み立てる,を作曲［作文］する,を落ち着かせる)
attach	(～を)くっつける(添付する,に愛着を持たせる)
connect	(～を)つなげる(を関連づける,つながる)
relate	（A to B）（AをBに）関連づける(を順序立てて話す) （to～の気持ちがわかる)
associate	（A with B）（AをBと）関連づける，（連想する)（with ～と付き合う)(同僚，共同経営者)
stick	(～を)貼り付ける(舌や脚を出す)（to 規則などを守る，固執する)
separate	(～を)引き離す(別々の)
thief	泥棒
crime	犯罪
motive	動機
punish	（人for）（人を～の理由で）罰する
violate	（法律なに）違反する （権利などを侵害する)
legal	合法の (法律の，法的な)
enemy	敵 （敵の)
compete	競争する （in ～競技などに参加する)
defeat	（相手を)打ち負かす(敗北)
victim	犠牲者
obstacle	（to）（～に対する）障害〈可算〉
harm	害〈不可算〉 (に害を与える)
invade	（プライバシーなどを)侵害する （国などに侵入する，を侵略する)
endanger	(～を)危険にさらす
interrupt	(～を)中断する(を遮る,話を遮る)
spoil	(～を)台無しにする （子どもを甘やかす)
spectator	観客
relative	（家族も含めて）親戚 (相対的な)
enter	(～に)入る (～を入力する)（into）（ある段階などに入る)
accompany	（人が主語～と)一緒に行く(物が主語～に伴う)
departure	出発(逸脱)
destination	目的地（tourist －旅行先，観光地)
transportation	交通機関〈不可算〉
via	(～)経由で(～によって)
lead	（to）（～に）至る（a ～ life）（～な生活を送る)（A to do A に～させる)(鉛，シャーペンなどの芯)
rise	上がる(昇る,上昇)
lower	(～を)下げる
flow	流れる(流れ)
burst	破裂する(爆発する,突然～し始める)
crack	割れる(砕ける,パンと音を出す,を割る，砕く,割れ目)
melt	（固体が）溶ける(を溶かす)
progress	進歩(前進 〈不可算〉 進歩する，進む)
advance	進歩(前進 〈可算〉（軍隊などが）前進する，進歩する ,事前の)
deal	（with）（～を）扱う(取り引き)
handle	[(～を)扱う （手でを扱う，触れる,取っ手)
cope	（with）（～にうまく）対処する
treat	（副詞を伴って～を)扱う（病人，病気を治療する （A to B） （AにBをおごる,楽しみ)
clue	（to）（～の）手がかり
restrict	(～を)制限する
limit	（数量，範囲を)制限する (制限)
forbid	(～を)禁じる
ban	禁止〈可算〉(～を禁止する)
refuse	(～を)断る（to do～するのを拒む)
reject	(～を)拒絶する （人を除け者にする)
persuade	（A to do）（Aを)説得して(〜)させる
convince	（A of B）（AにBを）確信させる（A that S V）（Aに～を確信させる,A to do Aを説得して～させる)
inspire	(～を)奮起させる(かき立てる,（作品に創作のヒントを与える)
discourage	(～の)やる気をなくさせる(落胆させる)
promote	(～を)促進する （be［get］－d to （～に出世［昇進］する)
expand	拡大する
extend	(...を)延長する
broaden	(...を)広げる
spread	(...を)広げる
tie	（荷物などを)縛る
bind	(...を)結びつける
fasten	(...を)固定する
fix	(...を)固定する
install	（機械などを)設置する
resist	(...を)我慢する
obey	(...に)従う
engage	従事する
bump into	(...に)ぶつかる
crash	激突する
bend	身をかがめる
hug	（人を)抱きしめる
stare at	(...を)じっと見つめる
gaze at	(...を)見つめる
glance	ちらりと見る
glimpse	(...が)ちらりと見える
stretch	（手足や体を)伸ばす
stumble	つまずく
press	(...を)押す
drag	(...を)引きずる
lean against	(...に)寄りかかる
scratch	(...を)ひっかく
bow	おじぎする
nod	うなずく
sigh	ため息をつく
yawn	あくびをする
bury	(...を)埋める
perform	(...を)遂行する
adopt	(...を)採用する
escape from	(...から)逃れる
scatter	(...を)まき散らす
fold	(...を)折る
hang	(...を)掛ける
release	(...を)解放する
strike	(...を)打つ
beat	(...を)打つ
protect	(...を)守る
twist	(...をねじ）曲げる
stir	（液体などを)混ぜる
shake	(...を)振る
burn	焼ける
skip	(...を)さぼる
expose	(...を)さらす
dip	(...をちょっと）つける
polish	(...を)磨く
cheat	ごまかす
attend	(...に)出席する
participate in	(...に)参加する
imitate	(...を)まねる
exist	存在する
arise	生じる
occur	生じる
generate	（電気、利益などを)生み出す
be involved in	（事件などに)巻き込まれる
require	(...を)必要とする
counterpart	対応する人
maintain	(...を)維持する
last	（時間的に）続く
persist	持続する
gain	(...を)増す
obtain	（資格、許可、情報などを)得る
acquire	(...を)習得する
examine	(...を)調査する
search A for B	B（物）を求めてA（場所）を捜す
reunion	同窓会
scholarship	奨学金
logic	論理
instruction	指示
determine	(...を)決める
conclude	(...と)結論を下す
distinguish	(...を)区別する
classify	(...を)分類する
estimate	(...を)推定する
select	(...を)選ぶ
organize	（考えなどを)まとめる
recognize	（知り合いなどが)誰だかわかる
be supposed to do	(...)することになっている
assume	(...と)思い込む
care	（否定文で）気にする
doubt	(...を)疑う
notice	(...に)気が付いている
aware	気づいている
conscious	意識している
be concerned with ...	(...に)関心を持っている
regard A as B	AをBとみなす
commit oneself to, be committed to	(...に)専念する
memorize	(...を)暗記する
approve of	(...を)認める
forgive	（人、過ちを)許す
grant	(...を)認める
recall	(...を)思い出す
abandon	(...を)捨てる
get rid of	（不用品を)処分する
eliminate	（不要な人、物、事を)排除する
relieve	(...を)取り除く
remove	(...を)取り除く(を解雇する)
resource	（石油などの）資源
conservation	保存(保護)
preserve	（自然などを)保護する
disaster	災害
planet	惑星
environment	環境
horizon	水平線
agriculture	農業
crop	作物
soil	土
weed	雑草
drown	溺れ死ぬ
leak	漏れる
climate	気候
atmosphere	大気
forecast	予報
thermometer	温度計
humid	湿気が多い
tropical	熱帯の
solar	太陽の
mosquito	蚊
species	種（しゅ）
extinct	絶滅した
feed	(...)にえさを与える
energetic	活発な
greedy	貪欲な
brave	勇敢な
generous	気前のよい
intellectual	知的な
curious	好奇心が強い
imaginative	想像力豊かな
talkative	おしゃべりの
can afford to do	(...)する余裕がある
eager	熱心な
selfish	利己的な
aggressive	攻撃的な
cruel	残酷な
addicted	(...)の中毒になっている
stubborn	頑固な
earnest	真面目な
bold	大胆な
guilty	申し訳なく思う
innocent	無実の
sincere	誠実な
modest	謙虚な
stupid	ばかな
indifferent	無関心で
punctual	時間を守る
coward	臆病者
precise	(説明や発音が)正確な
accurate	(情報や計算結果などが)正確な
proper	適切な
tidy	きちんとした(収まっている)
neat	きちんとした(余計なものが乗っていない)
efficient	能率的な
reasonable	理にかなった
significant	重要な
precious	貴重な
essential	不可欠な
fundamental	根本的な
critical	重大な
serious	深刻な
complex	複雑な
complicated	複雑な
delicate	繊細な
plain	明白な(理解・認識が簡単)
obvious	(誰の目にも)明白な
remarkable	注目すべき
outstanding	傑出した
various	さまざまな
diverse	多様な
sort	種類
fancy	高級な
marvelous	驚くべき
fabulous	とても素敵な
active	積極的な
positive	前向きな
pure	純粋な
steady	着実な
flexible	柔軟な
ripe	熟した
mature	成熟した
stable	安定した
negative	否定的な
vague	あいまいな
weird	変な
rough	粗い
severe	（天候、批判、罰則などが）厳しい
passive	受動的な
in vain	無駄に
fake	偽の
risky	危険な
absurd	ばかげた
odd	奇妙な
contrast	対比
valid	（理由、主張などが）妥当な
available	手に入る
casual	気楽な
rare	珍しい
practical	現実的な
brand-new	新品の
rapid	急速な
urgent	緊急の
sharp	（変化、方向転換などが）急激な
calm	落ち着いた
shallow	浅い
bare	むき出しの
naked	（人が）裸の
independent	独立した
tense	張り詰めた
broad	幅広い
narrow	狭い
vacant	空いている
vivid	（記憶、描写などが）鮮明な
mutual	（感情、行為が）相互の
awkward	ぎこちない
objective	客観的な
manual	手を使う
alike	似ている
tend to do	(...)する傾向にある
deserve	(...)に値する
fragment	破片
ease	簡単さ
range	範囲
scale	規模
unique to	(...)に特有の
particular	ある特定の
general	一般的な
ordinary	平凡な
typical	典型的な
account for	(...)の割合を占める
calculate	(...)を計算する
measure	(...)を測る
split	(...)を割る
volume	容積
proportion	比率
dozen	ダース
amount	量
mass	大量
shortage	不足
enormous	莫大な
spare	余分な
arrange	(...を)手配する
adapt	適応する
match	(...と)調和する
fit	に合う
emergency	緊急事態
occasion	場合
circumstance	状況
incident	（主に不快な）出来事
current	最新の
temporary	一時的な
permanent	永久的な
previous	（時間、順序で）前の
former	前者
annual	年に一度の
contemporary	現代の
lately	最近
immediately	すぐに
supply	(...を)供給する
replace	(...に)取って代わる
exchange	(...を)交換する
substitute A for B	Bの代わりにAを用いる
submit	（願書、辞表などを)提出する
alternative to	(...の)代わりのもの
deliver	(...を)配達する
enclose	(...を)同封する
envelope	封筒
trick	（悪意のない）いたずら
load	荷物
content	中身
routine	日課
household	所帯
good	商品
luxury	高級
credit	クレジットカード
questionnaire	アンケート
reservation	予約
applause	拍手
fuss	大騒ぎ
reward	報酬
farewell	別れ
reception	もてなし(受付)
hospitality	もてなし
portion	（食事の）一盛り
laundry	洗濯
stain	シミ
dye	(...を)染める
outlet	コンセント
nap	昼寝
wake	目が覚める
vending machine	自動販売機
grocery	食料雑貨店
appointment	（病院などの）予約
consult	(...に)相談する
register	(...を)登録する
subscribe to	(...を)定期購読する
guarantee	(...を)保証する
wipe	(...を)拭く
sweep	（床、地面を)掃く
transfer	（電車などを）乗り換える
divorce	離婚する
fate	運命(宿命)
destiny	運命
flavor	風味
perfume	香り
ingredient	（料理などの）材料
tender	（肉などが）柔らかい
bitter	苦い
aisle	通路
track	足跡
district	地区
facility	施設
basement	地下
height	高さ
distant	遠い
remote	へんぴな
be located	(...に)位置している
occupy	(...を)占める
surround	(...を)取り囲む
classical	（音楽、バレエ、ダンスなどで）クラシックの
civilization	文明
heritage	遺産
script	台本
tale	話
literature	文学
tragedy	悲劇
poetry	詩
biography	伝記
term	用語
proverb	ことわざ
fluent	流ちょうな
translate	(...を)翻訳する
define	(...を)定義する
interpret	(...を)解釈する
quote	(...を)引用する
literally	文字どおりに
indicate	（データなどが...を)示す
reveal	(...を)明らかにする
announce	(...を)発表する
broadcast	(...を)放送する
prove	(...を)証明する
advertise	(...を)宣伝する
seek	(...を)求める
entertain	(...を)楽しませる
amuse	(...を)楽しませる
attract	(...を)引きつける
fascinate	(...を)魅了する
be absorbed in	(...に)没頭する
fond	好きで
scare	(...を)おびえさせる
alarm	(...を)ぎょっとさせる
amaze	(...を)驚かせる
irritate	(...を)いらいらさせる
puzzle	(...を)当惑させる
confuse	(...を)混乱させる
bore	(...を)うんざりさせる
frustrate	(...を)欲求不満にさせる
disappoint	(...を)失望させる
embarrass	(...に)恥ずかしい思いをさせる
ashamed	恥ずかしい
uneasy	不安な
hesitate	ためらう
be reluctant to do	(...するのは)気が進まない
tremble	震える
boast	自慢する
jealous of	(...に)嫉妬した
envy	(...を)うらやましく思う
yell	叫ぶ
respect	(...を)尊敬する
despair	絶望
emotion	感情
sympathy	同情
shame	残念なこと
ambition	願望
confidence	自信
courage	勇気
ignore	(を)無視する
owe A to B	AはBのおかげだ
fear	恐怖
method	方法
medium	（情報伝達）手段
means	手段
extent	程度
extremely	極度に
total	全体の
largely	大部分は
moderate	適度な
somewhat	いくぶん
subtle	かすかな
possibly	ひょっとすると
eventually	最終的に
not necessarily	必ずしも(...)ない
frankly	率直に
ironically	皮肉なことに
moreover	その上
otherwise	さもなければ
regardless of	(...)とは無関係に
worth	(...の)価値がある
according to	（調査、人の話など）によれば
propose	(...を)提案する
demand	(...を強く）要求する
desire	願望
dismiss	（意見や考えなどを)退ける
bless	(...を)祝福する
glory	栄光
compliment	褒め言葉
feast	宴会
declare	(...を)宣言する
demonstrate	(...をはっきり）示す
highlight	(...を)強調する
imply	（暗に...を)意味する
recite	(...を)暗唱する
ray	光線
radiation	放射線
laboratory	研究室
oxygen	酸素
molecule	分子
compound	化合物
tissue	（細胞の）組織
cell	細胞
gene	遺伝子
solid	固体の
satellite	衛星
orbit	軌道
launch	（ロケットなどを)打ち上げる
attempt	試み
capacity	能力
be capable of	(...)する能力がある
attain	(...を)達成する
desperate	必死の
struggle	苦闘する
dedicate A to B	AをBに捧げる
pain	苦痛
strain	（心身の）負担
remedy	治療法
fatigue	（ひどい）疲労
obesity	（病的な）肥満
nursing	看護
terminal	（病気が）末期の
pregnant	妊娠した
heal	(...を)治す
ankle	足首
thumb	親指
forehead	ひたい
chin	下あご
chest	胸
breast	（主に女性の）胸
lung	肺
organ	臓器
vision	視力
skeleton	がい骨
sensation	感覚
code	（服装などの）規定
agenda	議題
gender	性
liberty	自由
humanity	（集合的に）人類
mankind	（集合的に）人類
authority	権威
justice	正義
insurance	保険
hardship	（主に経済的）苦難
poverty	貧困
chaos	大混乱
isolation	孤立
interaction	交流
region	地域
proof	証拠
principle	原理
origin	起源
setting	環境
monument	記念碑
mission	任務
project	計画
revolution	革命
pension	年金
found	(...を)創立する
contract	契約
negotiate with	(...と)交渉する
cooperate with	(...と)協力する
restore	（治安などを)回復する
conservative	保守的な
affair	情勢
agency	（政府）機関
council	議会
kingdom	王国
republic	共和国
empire	帝国
security	（国家などの）安全
aid	援助
reform	改革
mayor	市長
minister	大臣
poll	（政治関連の）世論調査
fortune	財産
property	（主に集合的）財産
fund	資金
stock	株
bankrupt	倒産した
labor	労働
overwork	働きすぎる
firm	会社
union	労働組合
administration	経営
secretary	秘書
editor	（新聞、雑誌などの）編集長
client	依頼人
colleague from	(...の)同僚
basis	基礎
element	（もっとも重要な）要素
constitute	(...を)構成する
unify	(...を)統一する
unite	団結する
combine A with B	AをBと結びつける
murder	殺人
arrest	(...を)逮捕する
prison	刑務所
vice	（売春、麻薬などの）犯罪
witness	目撃者
conflict	対立
bullet	弾丸
wound	傷
triumph	勝利
military	軍事的な
strategy	戦略
conquer	（国や地域を)征服する
defend A from B	BからAを守る
quarrel with	(...と)口論する
rob	（銀行などを)襲う
deprive A of B	AからBを奪う
devastate	（町などを)壊滅させる
hazard	危険
orphan	孤児
infant	（主に歩く前の）幼児
slave	奴隷
acquaintance	知人
merchant	商人
resident	住人
crew	乗組員
commute	通勤する
chase	(...を)追いかける
overtake	(...を)追い越す
fade	（色、記憶などが）薄れる
dissolve	溶ける
float	浮かぶ
sink	沈む
fluctuate	（数値、物価が）変動する
circulate	循環する
transform	(...を大幅に）変える
shift	（考え方の）転換
modify	(...を部分的に)修正する
revise	（制度、予測、論文などを)修正する
vehicle	（エンジンの付いた）車両
voyage	航海
confirm	(...を)確認する
ensure	(...を)確実にする
address	(...に)取り組む
approach to	(...)への取り組み方
resolve	(...を)解決する
settle	（紛争などを)解決する
warn	(...に)警告する
force	(...に)強いる
boost	(...を)促進させる
appeal to	(...に)訴える
leap	跳ぶ
grab	(...をぐいっと）つかむ
seize	(...を)つかむ
cast	(...を)投げる
slap	(...を)平手打ちする
stun	(...を)気絶させる
illuminate	(...を)照らす
mend	(...を)修繕する
react to	(...)に反応する
endure	（長期にわたり...に)耐える
encounter	(...に)偶然出会う
neglect	(...を)怠る
undergo	(...を)経験する
trace	(...を)捜し出す
conduct	(...を)行う
emerge	（隠れていたものが）現れる
unfold	展開する
derive from	(...に)由来する
possess	(...を)所有している
retain	(...を)保持する
secure	（場所、地位、契約などを)確保する
capture	(...を)捕らえる
inquiry into	の調査
specialize in	(...を)専攻する
semester	（2学期制の）学期
biology	生物学
ecology	生態（学）
philosophy	哲学
geography	地理（学）
psychology	心理学
institution	（大学、病院などの）機関
dormitory	寮
notion	考え
concept	概念
meditation	瞑想
insight into	（...に対する）洞察（力）
outlook	（人生、世界などに対する）考え方
caution	用心
will	意志
option	選択肢
nightmare	悪夢
keen	（頭脳、感性などが）鋭い
cherish	(...を)大切にする
intend to do	(...)するつもりだ
suspect	(...)ではないかと疑う
comprehend	(...を十分に）理解する
misunderstand	（人、人の言うことを)誤解している
identify	(...を何なのか）特定する
permit	(...を)許可する
acknowledge	(...を)認める
trim	(...を)刈り込む
omit	(...を)省く
cultivate	(...を)耕す
shade	日陰
breeze	そよ風
desert	砂漠
fog	霧
moisture	湿気
damp	湿った
path	（小）道
trail	山道
stream	小川
tide	潮
habitat	生息地
layer	（大気や地面などの）層
volcano	火山
mine	鉱山
scent	（花、果物の良い）香り
wheat	小麦
swallow	ツバメ
web	（クモの）巣
cattle	ウシ
kitten	子ネコ
organism	生物
wildlife	野生生物
beast	野獣
ape	類人猿
mammal	哺乳動物
flock	（鳥、羊の）群れ
breed	繁殖する
reproduce	繁殖する
hatch	（卵から）かえる
diligent	勤勉な
noble	高潔な
arrogant	傲慢な
timid	臆病な
humble	控えめな
be inclined to do	(...)する傾向がある
principal	主要な
prime	（目標、容疑者などが）最重要な
indispensable	不可欠な
grave	重大な
definite	明確な
evident	明らかな
prominent	（物が）目立った
marked	際立った
grace	優美さ
charm	魅力
rational	理性的な
magnificent	壮大な
be superior to	(...)より優れている
loyal to	(...)に忠実な
horrible	（物、天気などが）とてもひどい
miserable	悲惨な
dull	退屈な
nasty	（人、物、発言などが）不快な
insane	正気でない
ridiculous	ばかげた
notorious for	(...で)悪名高い
evil	（道徳的に）悪い
mess	乱雑
vast	（地域、土地が）広大な
huge	巨大な
tiny	とても小さな
sphere	球体
strip	細長い一片
internal	内部の
mobile	流動的な
steep	（坂などが）険しい
intense	（感情、競争などが）強烈な
abstract	抽象的な
inevitable	避けられない
neutral	中立の
brief	手短な
potential	潜在的な
tough	たくましい
secondhand	中古の
resemble	(...)に似ている
on the contrary	それどころか
category	範ちゅう
scope	範囲
respective	それぞれの
given	（時間、量などが）定められた
peculiar to	(...に)固有の
plenty of	十分な
sufficient	十分な
numerous	多くの
substantial	かなりの
unit	単位
diameter	直径
quantity	量
deficiency	欠乏
lessen	(...を)減らす
era	時代
session	（活動の）期間
pause	休止
meanwhile	その間
souvenir	お土産
brick	れんが
pole	棒
thread	糸
mischief	いたずら
superstition	迷信
storage	貯蔵
shelter	避難（所）
garment	衣類
cabinet	戸棚
recipe	レシピ
brochure	パンフレット
shipping	（商品の）発送
fetch	(...を)取ってくる
distribute	(...を)分配する
statue	像
sculpture	彫刻
carve	(...を)彫る
myth	神話
craft	工芸（品）
journal	雑誌
heaven	天国
funeral	葬式
soul	魂
priest	神父
faith	（主に宗教上の）信仰
sacred	神聖な
divine	神の
context	文脈
singular	単数の
command	言語を操る力
instance	例
narrative	語り
dialogue	（本、劇、映画の中の）会話
usage	語法
accent	訛
temper	気性
affection	愛情
enthusiasm	情熱
passion	情熱
rage	激怒
sorrow	悲しみ
incredible	信じられない
chuckle	くすくす笑う
tease	(...を)からかう
dare to do	思い切って(...)する
be willing to do	嫌がらずに(...)する
scream	悲鳴をあげる
soothe	（人を)なだめる
tempt	(...を)誘惑する
scold	(...を)しかる
oppress	(...を)圧迫する
threaten to do	(...)すると脅す
delight	(...を)喜ばせる
astonish	(...をとても）驚かせる
mourn	(...を)嘆く
offend	(...を)怒らせる
depress	(...を)憂鬱にさせる
sacrifice	(...を)犠牲にする
impulse	衝動
curse	災いのもと
factor	要因
stem from	(...が)原因である
trigger	(...の)きっかけになる
consequence	結果
process	過程
resort to	（暴力や武力などに)訴える
formula	方法
procedure	手続き
extraordinary	並外れた
absolute	絶対的な
overwhelming	圧倒的な
altogether	完全に
entire	すべての
tremendous	すさまじい
sheer	（数量やサイズを強調して）とてつもない(...の)
partial	部分的な
barely	かろうじて
slight	わずかな
approximately	（数量が）おおよそ
frequently	頻繁に
apparently	どうやら(...らしい)
merely	（主に名詞の前で...）にすぎない
nevertheless	それにもかかわらず
somehow	何らかの方法で
thus	それゆえ
pretty	まあまあ
despite	(...)にもかかわらず
assert	(...と)断定する
defy	(...に)逆らう
condemn	(...を)非難する
contradict	(...と)矛盾する
cite	(...を)引き合いに出す
illustrate	（例で...を)説明する
articulate	（考えなどを)はっきり述べる
advocate	提唱者
breakthrough	飛躍的進歩
evolution	進化
innovation	革新
probe	探査機
fluid	流体
particle	粒子
gravity	重力
friction	摩擦
mutation	突然変異
heredity	遺伝
hypothesis	仮説
specimen	標本
microscope	顕微鏡
realm	領域
acid	酸性の
toxic	有害な
poison	毒
strive	努力する
endeavor	努力
manufacture	(...を)製造する
yield	(...を)産出する
duplicate	(...を)複製する
assemble	(...を)組み立てる
mold	(...を型に入れて）作る
coin	(...を)作り出す
physician	医師
veterinarian	獣医
therapy	治療
injection	注射
dose	（一回分の）服用量
sanitation	衛生
germ	細菌
tumor	腫瘍
agony	苦痛
disorder	（心身の）不調
plague	疫病
epidemic	（大）流行
diagnosis	診断
mortality rate	死亡率
chronic	慢性の
immune	免疫の
choke on	(...で)息が詰まる
paralyze	(...を)麻痺させる
infect	（人、動物、地域に）感染させる
prescribe	（薬などを)処方する
digest	...を消化する
weary	（極度に）疲れている
nourish	...に栄養を与える
flesh	（人、動物の皮、骨に対する）肉
kidney	腎臓
posture	姿勢
limb	手足（の一本）
erect	直立した
compensate A for B	AにBを補償する
flourish	栄える
abuse	虐待
bias	偏見
prestige	名声
privilege	特権
feat	偉業
dignity	威厳
virtue	美徳
aristocracy	貴族
rebel	反逆者
scheme	計画
convention	会議
conference on	(...)に関する会議
consent	合意
initiative	新構想
province	（カナダなどの）州
colony	植民地
frontier	辺境
tribe	部族
primitive	原始的な
ethnic	民族の
anonymous	匿名の
coverage	報道
obligation	（社会に対する）責務
norm	ふつうのこと
patent	特許（権）
entitled to	(...の)権利がある
donate	(...を)寄付する
conform to	(...に)合わせる
comply with	(...に)従う
legislation	（集合的に）法律
testimony	（法廷などでの）証言
jury	陪審（員団）
legitimate	正当な
enforce	(...を)施行する
regime	政権
bureaucracy	官僚制度
corruption	腐敗
tyranny	圧政
sanction	制裁
census	国勢調査
candidate for	(...の)候補（者）
senator	上院議員
ambassador	大使
diplomat	外交官
refugee	難民
territory	領土
ally	同盟国
federal	連邦の
feudal	（主に欧州の）封建制の
communist	共産主義（者）の
estate	（全）財産
asset	財産
revenue	（国などの）歳入
deficit	（会社、国の）赤字
commerce	商業
output	生産高
subsidy	補助金
monopoly	独占（権、品）
transaction	取り引き
corporation	企業
enterprise	企業
venture	（ベンチャー）事業
headquarters	本社
personnel	（官庁、会社などの）全職員
expertise	専門的知識
quota	ノルマ
warehouse	倉庫
toil	（長時間）骨折って働く
undertake	（仕事などを)引き受ける
merge	合併する
comprise	(...)からなる
component	構成要素
framework	枠組
prototype	原型
dimension	（問題などの）側面
margin	余白
relevant	関連のある
compatible with	と適合する
correspond to(with)	と一致する
identical	同一の
equivalent	等しい
random	無作為の
warrior	戦士
assault	襲撃
troop	軍隊
torture	拷問
dispute	論争
riot	暴動
persecution	迫害
dominate	(...を)支配する
slaughter	(...を)虐殺する
suppress	（反乱、暴動を)鎮圧する
surrender to	(...に)降伏する
contend with	(...と)戦う
hostile	敵意のある
wreck	（乗り物、家の）残骸
toll	犠牲（死傷）者
disrupt	（活動の進行などを)かき乱す
interfere with	(...を)邪魔する
confront	（困難などが人に)立ちふさがる
hinder	(...を)妨げる
explode	爆発する
collide with	(...)と衝突する
nephew	甥
spouse	配偶者
heir	相続人
folk	民族
peer	同等の人
proceed	（順を追って）進む
navigate	（旅などで）進路を決める
roam	歩き回る
flee	逃亡する
retreat	退く
crawl	這って進む
drift	漂う
alter	(...を)変える
convert A into B	AをBに転換する
shrink	縮む
wither	しおれる
transition	移り変わり
distortion	歪めること
enhance	(...を)向上させる
reinforce	(...を)補強する
foster	（才能などを)育成する
breakdown	崩壊
collapse	崩壊する
render O C	OをCにする
impair	（人間の機能などを)低下させる
deteriorate	悪化する
undermine	(...を)弱める
tackle	(...に)取り組む
at one's disposal	(...を)自由にする
confine	(...を)閉じ込める
designate	(...を)指定する
regulate	（主に規則によって...を)規制する
prohibit	(...を)禁じる
refrain from	(...を)控える
curb	(問題を起こしそうな感情等を)抑制する
restrain	(...を力で)抑制する
halt	(...を)止める
animate	(...を)活気づける
spur	(...を)駆りたてる
urge	(...を)せき立てる
lure	(...を)誘い込む
stimulate	(...を)刺激する
compel A to do	Aに(...)することを強制する
dictate	(...を)書き取らせる
blur	(...を)ぼやかす
divert	（川などの)方向を変える
reverse	(...を)逆転する
supplement	（栄養、収入などを)補う
pose	(...を)もたらす
stroll	散策する
shrug	（肩を)すくめる
sniff	（くんくん）においをかぐ
embrace	(...を)抱擁する
betray	(...を)裏切る
deceive	(...を)だます
bully	(...を)いじめる
squeeze	（果汁などを)搾る
insert	(...を)差し込む
detach A from B	AをBから切り離す
withdraw	(...を)引っ込める
withstand	(...に)耐える
exert	（力、影響力などを)働かせる
compile	(...を)まとめる
browse	拾い読みする
manipulate	(...を)操作する
implement	（契約、計画などを)実行する
execute	(...を)遂行する
host	（大会などを)主催する
mount	(...を)据え付ける
discharge	(...を)排出する
drain	(...の)水を抜く
soak	(...を)浸す
suspend	(...を)つるす
extract	(...を)取り出す
summon	(...を)呼ぶ
embark on	(...に)着手する
thrust	(...を)強く押しつける
penetrate	(...に)入り込む
intrude on	(...に)立ち入る
evade	(...を)逃れる
utilize	(...を)利用する
spin	ぐるぐる回る
plunge into	(...に)突っ込む
rattle	ガタガタ鳴る
vanish	消える
cease to do (doing)	(...)しなくなる
haste	急ぐこと
conceal	(...を)隠す
disguise	(...を偽装して）隠す
coincide with	(...と)同時に起こる
prevail	（考え、習慣などが）普及している
sustain	（生命などを)維持する
linger	（いつまでも）残る
revive	生き返る
resume	(...を)再開する
inspect	(...を)検査する
investigate	（研究班などが...を)調査する
detect	(...を)探知する
discern	(...を)見分ける
expedition	（研究、探求、戦争目的の）探検
enroll in	(...に)入学する
discipline	(...を)しつける
cram	詰め込み勉強をする
faculty	（生まれ持った）能力
tuition	授業料
diploma	卒業証書
mentor	(...を)指導する
ethic	（社会や職業上の）倫理
astronomy	天文学
archaeologist	考古学者
anthropologist	（文化）人類学者
perceive A as B	AをBだと認識する
grasp	(...を)理解する
conceive	(...を)思い浮かべる
anticipate	(...を)予想する
foresee	(...を)予知する
speculate	推測する
infer A from B	BからAを推測する
deduce A from B	BからAを推定する
ponder	(...を)熟考する
contemplate	(を)熟考する(沈思黙考する)
assure	(...に)保証する
assess	(...を)評価する
evaluate	(...を正しく）評価する
verify	（事実かどうかを)確かめる
compromise with	(...と)妥協する
reconcile A with B	AをBと調和させる
alert	油断のない
stereotype	固定観念
perspective	（経験などで得られる）視点
prospect	見通し
vow	誓い
intuition	直観
illusion	幻想
criterion	基準
tolerate	(...を)大目に見る
overlook	(...をうっかり）見落とす
grain	穀物
drought	干ばつ
irrigation	灌漑
spectacle	（きわめて印象的な）光景
altitude	標高
catastrophe	大災害
decay	腐敗
erosion	浸食
flame	炎
galaxy	銀河
meteor	流星
chill	寒気
meadow	草地
exploit	（自然の力などを)利用する
contaminate	(...を)汚染する
erupt	（火山が）噴火する
evaporate	蒸発する
fertile	肥沃な
roar	ほえる
inhabit	(...に)生息している
nurture	(...を)育てる
owl	フクロウ
instinct	本能
prey	餌食
timber	材木
fabric	布地
textile	織物
weave	(...を)織る
competent	有能な
optimistic	楽観的な
patriotic	愛国的な
naughty	いたずらな
vigorous	（人、活動が）精力的な
solitary	（人が）孤高の
vulgar	（人、行動が）品がない
skeptical	懐疑的な
haunt	（亡霊、考えなどが...に)つきまとう
obsessed with (by)	(...に)取りつかれて
intent on	(...に)没頭した
indulge in	(...に)ふける
cling to ...	(...に)固執する
flaw	欠陥(問題箇所)
defect	(重大な)欠陥
trait	特性
analogy	類似点
parallel	類似(匹敵, 平行)
crucial	重大な
primary	主な
integral	(完全体を成すのに)不可欠な
vital	(命に)不可欠な
profound	深い
grim	（状況などが）厳しい
fierce	（競争、嵐などが）激しい
harsh	厳しい
savage	（とても）容赦ない
acute	深刻な
ambiguous	あいまいな
obscure	ぼやけた
misleading	誤解を招く
straightforward	（方法などが）わかりやすい
explicit	（発言や文章などが）明確な
sophisticated	（機械、システムが）高度な
ingenious	独創的な
decent	まともな
thrive	（会社などが）好調である
wit	機知
affluent	裕福な
elaborate	手の込んだ
prompt	迅速な
swift	素早い
mighty	強力な
renowned	有名な
dim	薄暗い
gloomy	薄暗い
barren	不毛な
idle	（仕事がなく）何もしていない
tiresome	退屈な
static	静的な
clumsy	不器用な
ignorant	無知の
reckless	無謀な
arbitrary	独断的な
foul	（味、臭いなどが）不快な
shabby	みすぼらしい
monotonous	単調な
crude	粗末な
fragile	壊れやすい
vulnerable	傷つきやすい
rust	さび
plight	窮状
conventional	従来の
innate	（才能などが）先天的な
exotic	（動植物が）外来の
tame	飼いならされた
solemn	（場所、祝祭が）厳粛な
manifest	明らかな
dense	密集した
superficial	表面的な
transparent	透明な
consistent with	(...と)矛盾のない
coherent	一貫している
universal	普遍的な
upright	直立して
underlying	根底にある
spontaneous	自然発生的な
mock	模擬の
liable to do	しがちだ
converse	正反対
preliminary	予備的な
version	（個人的な）解釈
indigenous	（動植物、民族が）固有の
decline	減る
multiply	...を増やす
soar	（価格、温度が）急上昇する
accumulate	...を蓄積する
exceed	...を越える
abundant	豊富な
ample	豊富な
gross	総計の
infinite	無限の
sole	唯一の
heap	山
fraction	少量
simultaneous	同時の
medieval	中世の
decade	10年
dawn	夜明け
span	（継続した）期間
expire	期限が切れる
postpone	...を延期する
equip	...を装備させる
transmit	...を送る
endow	...を授ける
inherit	...を受け継ぐ
retrieve	...を回収する
displace	...に取って代わる
bond	きずな
ornament	（小さな）飾り
certificate	証明書
accommodation	宿泊施設
intersection	交差点
pavement	歩道
pedestrian	歩行者
excursion	小旅行
itinerary	旅程
as a token of ...	...のしるしとして
detergent	洗剤
purchase	...を購入する
dwell	住む
juvenile	青少年の
adolescent	思春期の若者
initial	最初の
precede	...に先行する
phase	段階
priority	優先（事項）
premise	前提
legend	伝説
masterpiece	傑作
ritual	（宗教的）儀式
worship	崇拝
advent	到来
swear	誓う
confess to ...	...を白状する
verbal	言葉による
oral	口述の
eloquent	雄弁な
linguistic	言語の
plot	（小説、演劇などの）筋
draft	下書き
statement	述べたこと
paradox	逆説
slang	俗語
riddle	なぞなぞ
clarify	...を明らかにする
exhibit	...を展示する
portray	...を描く
attribute A to B	AをBのせいだとする
console	...を慰める
arouse	...を呼び起こす
distract	（注意、意識など）をそらす
plead with ...	...に懇願する
yearn	切望する
long for ...	...を切望する
adore	...を熱愛している
utter	（叫び声など）を発する
exclaim	（驚き、怒りなどで）叫ぶ
lament	...を深く悲しむ
shed	（涙など）を流す
resent	...に憤慨する
dread	...を恐れる
startle	...を驚かせる
thrill	...をぞくぞくさせる
humiliate	...に恥をかかせる
blush	赤面する
frown on ...	...に眉をひそめる
dismay	...を狼狽させる
bewilder	...を当惑させる
perplex	...を困惑させる
disgust	...に嫌悪を抱かせる
despise	...を軽蔑する
furious	激怒した
intimate	親密な
intriguing	興味深い
conscience	良心
self-esteem	自尊心
mercy	慈悲
aspiration	熱望
grief	（人の死などに対する）深い悲しみ
distress	苦しみ
apprehension	不安
melancholy	憂うつ
contempt	軽蔑
insult	侮辱
nuisance	迷惑
menace to ...	...にとって厄介なもの
verge	瀬戸際
incentive	励み
outcome	結果
thorough	完全な
adequate	十分な
overall	全体的な
ultimate	究極の
genuine	（感情が）心からの
radical	根本的な
drastic	抜本的な
trivial	ささいな
virtually	事実上
abruptly	不意に
deliberately	故意に
hence	だから
namely	すなわち
whereas	...だが一方
