1. agree	賛成する
2. oppose	(～に)反対する
3. advise	(～に)忠告する
4. tip	助言(ヒント、チップ)
5. discuss	(～について)話し合う
6. blame	(～に)責任があるとする
7. argue that SV	(～と)主張する
8. claim that SV	(SVと)主張する
9. complain	文句を言う
10. offer	(～を)申し出る
11. suggest	(～を)示唆する
12. recommend	(～を)推薦する
13. grateful	感謝している
14. apologize	謝る
15. excuse	言い訳(～を許す)
16. celebrate	(～を)祝う
17. admire	(～に)感心する
18. impress	(～に)感銘を与える
19. award	賞
20. describe	([描写的]～を)説明する
21. explain	([理由]～を)説明する
22. communicate	意志の疎通をはかる
23. express	（意見、気持ちを）表現する
24. promise	約束
25. information	情報
26. technology	（科学）技術
27. research	（学術）研究
28. material	材料
29. artificial	人工的な
30. electric	電気の
31. invent	(～を)発明する
32. discover	(～を)発見する
33. develop	発達する
34. skill	技術
35. ability	能力
36. talent	才能
37. effort	努力
38. practice	練習
39. game	試合
40. achieve	(～を)達成する
41. manage to do	何とかして(〜)する
42. improve	(～を)改善する
43. produce	(～を)生産する
44. create	(～を)創造する
45. establish	(～を)確立する
46. save	（時間、手間を）省く
47. medicine	薬
48. patient	患者
49. condition	状態(容態)
50. medical	医療の
51. stress	ストレス
52. suffer	（病気などで）苦しむ
53. exercise	運動
54. breathe	呼吸する
55. thirsty	のどが渇いた
56. physical	身体的な
57. fever	（体温の）熱
58. strength	体力
59. tear	涙(～を引き裂く)
60. taste	(～の)味がする
61. rule	規則
62. role	役割
63. habit	(個人の癖)習慣
64. custom	（文化としての）習慣
65. tradition	伝統
66. society	社会
67. law	法律(法則)
68. ancestor	祖先
69. population	人口
70. native	母国の(その土地の)
71. abroad	海外へ
72. local	その土地の(地元の)
73. survey	調査
74. evidence	証拠
75. value	価値
76. treasure	財宝
77. fashion	流行
78. public	大衆
79. vote	投票
80. government	政府
81. nation	国家
82. capital	首都
83. state	州
84. political	政治的な
85. price	価格
86. cost	（費用を）要する
87. sum	金額(合計)
88. budget	予算
89. fee	（会費、遊園地などの）料金
90. fare	運賃
91. bill	勘定(請求書)
92. trade	貿易
93. wealth	富
94. economy	経済
95. company	会社
96. task	仕事
97. earn	（金を）稼ぐ
98. hurt	（身体の部位が）痛む
99. injure	(～を)痛める
100. damage	(～に)損害を与える
101. destroy	(～を完全に）破壊する
102. ruin	(～を)台無しにする
103. danger	危険
104. neighbor	近所の人
105. audience	聴衆
106. crowd	群衆
107. author	著者
108. staff	職員
109. clerk	店員
110. customer	客
111. passenger	乗客
112. elderly	年配くらいの
113. female	女性の
114. head	向かう
115. follow	(～の)後について行く
116. wander	歩き回る
117. travel	旅行する
118. pass	(～を)通り過ぎる
119. likely to do	(～)しそうだ
120. natural	当然の
121. certain	確かな
122. probably	おそらく
123. face	(～に)直面する
124. avoid	(～を)避ける
125. solve	(～を)解決する
126. trouble	問題(ごたごた)
127. issue	問題
128. cheer	([on]〜に)声援を送る
129. encourage	促す(奨励する)
130. support	(～を)支持する
131. prevent	(～を)妨げる
132. deny	(を)否定する(を拒む)
133. enable A to do	(Aに～することを)可能にする
134. succeed	成功する
135. miss	(～を)逃す
136. fail	失敗する
137. mistake	間違い
138. check	(～を)調べる
139. hide	(～を)隠す
140. draw	（線で絵などを)描く
141. join	(～に)加わる
142. throw	(～を)投げる
143. operate	(～を)操作する
144. repair	(～を)修理する
145. sew	(～を)縫う
146. raise	(～を)上げる
147. serve	(飲食物）を出す
148. pour	(～を)注ぐ
149. spill	(～を)こぼす
150. pretend	ふりをする
151. behave	ふるまう
152. bear	(～に)耐える
153. explore	(～を)探検する
154. happen	起こる
155. appear	現れる
156. remain	(～)のままでいる
157. survive	生き残る
158. belong	所属している
159. represent	(～を)代表する
160. base	(～の)基礎を置く
161. include	([追加要素として]～を)含む
162. contain	([中に]～を)含む
163. own	自分自身の
164. share	(～を)共有する
165. collect	（同種の物を)集める
166. gather	(あちこちから～を)集める
167. history	歴史
168. subject	科目
169. education	教育
170. knowledge	知識
171. uniform	制服
172. grade	学年
173. senior	最上級生
174. graduate	卒業する
175. decide to do	（～)することを決定する
176. judge	(～を)判断する
177. quit	(～を完全に）やめる
178. retire	引退する
179. review	再検討
180. choose	(～を)選ぶ
181. imagine	(～を)想像する
182. guess	(～を)推測する
183. expect	(～を)予期する
184. predict	(～を)予測する
185. remember	(～を)覚えている
186. remind	思い出させる
187. realize	(～をはっきり）理解する
188. appreciate	(～を正しく）理解する
189. accept	(～を)受け入れる
190. consider	(～を)よく考える
191. mind	気にする
192. wonder	(～)かなと思う
193. seem	(～)のように思われる
194. compare	比較する
195. concentrate	集中する
196. focus	焦点を当てる
197. allow	(～を)許可する
198. admit	(～を)認める
199. ground	地面
200. pollution	汚染
201. sight	光景
202. view	眺め
203. landscape	風景
204. nature	自然
205. seed	種
206. plant	植物
207. bloom	（花が）咲く
208. harvest	収穫
209. insect	昆虫
210. earthquake	地震
211. temperature	温度
212. degree	(温度などの)度
213. flood	洪水
214. freeze	凍る
215. reflect	(～を)反射する
216. polite	(人、言動が)礼儀正しい
217. rude	無礼な
218. lonely	孤独な
219. lazy	怠惰な
220. strict	厳しい
221. ugly	醜い
222. intelligent	知的な
223. silly	ばかな
224. nervous	あがって
225. awake	目を覚まして
226. attitude	態度
227. character	性格
228. characteristic	特徴〈可算〉
229. feature	特徴
230. detail	詳細
231. advantage	利点
232. fault	欠点
233. quality	質
234. correct	正確な
235. ideal	理想的な
236. fair	公正な
237. appropriate	適切な
238. famous	有名な
239. elementary	初歩的な
240. major	主要な
241. matter	重要である
242. bright	明るい
243. brilliant	輝いている
244. lively	生き生きとした
245. comfortable	快適な
246. pleasant	楽しい
247. convenient	都合がよい
248. false	誤った
249. terrible	ひどい
250. awful	ひどい
251. thin	薄い
252. tight	引き締まった
253. loose	ゆるい
254. raw	生の
255. empty	空の
256. smooth	滑らかな
257. direct	直接的な
258. familiar	知られた
259. similar	似た
260. differ	異なる
261. vary	さまざまだ
262. specific	特定の
263. common	普及した
264. unusual	珍しい
265. add	(～を )加える
266. increase	増える
267. reduce	(～を)減らす
268. divide	(～を)分割する
269. count	(～を)数える
270. weigh	(～)の重さがある
271. quarter	4分の1
272. lot	多くの
273. pile	積み重ね
274. rate	割合
275. figure	数字
276. lack	不足
277. extra	余分な
278. ready	用意ができている
279. prepare	(～)の準備をする
280. adjust	慣れる
281. apply	当てはまる
282. suit	に適している
283. case	場合
284. scene	場面
285. chance	(向こうからやってきた)機会
286. opportunity	(自分から得ようと思った)機会
287. experience	経験
288. time	時間
289. spring	春
290. minute	分
291. period	時代
292. generation	世代
293. anniversary	記念日
294. recently	最近
295. used	以前は(～だった)
296. early	早く
297. first	第1の
298. latest	最新の
299. modern	現代の
300. latter	後半の
301. spend	(を)費やす
302. delay	(～を)遅らせる
303. borrow	(～を)借りる
304. lend	(～を)貸す
305. rent	(お金を払って～を)借りる
306. provide	(～を)供給する
307. shelf	棚（の一段）
308. board	（細長い）板
309. garbage	ごみ
310. item	品物(項目)
311. wheel	車輪
312. note	メモ
313. present	プレゼント(現在)
314. stuff	（漠然とした）もの
315. string	ひも
316. leisure	余暇
317. diet	食事
318. furniture	家具
319. refrigerator	冷蔵庫
320. traffic	交通（量）
321. jam	渋滞
322. sell	(～を)売る
323. pay	(を)支払う
324. wear	(～を)身につけている
325. clothes	服
326. marry	(～と)結婚する
327. greet	(～に)挨拶する
328. order	(～を)注文する(～に命令する)
329. room	部屋(余地)
330. story	階
331. site	用地
332. yard	庭
333. bottom	底
334. line	列(縦・前後)
335. row	列(横・左右)
336. background	背景
337. direction	方向(指示)
338. art	芸術(技術)
339. culture	文化
340. cartoon	漫画
341. novel	小説
342. instrument	楽器(器具)
343. tune	曲
344. sentence	文
345. article	記事
346. passage	一節
347. vocabulary	語彙
348. rumor	うわさ
349. spell	(～を)つづる
350. pronounce	(を)発音する
351. sign	兆候(印)
352. mean	(～を)意味する
353. publish	(～を)出版する
354. display	(～を)展示する
355. trust	(～を)信頼する
356. depend on	(～)次第である
357. rely	頼る
358. pray	祈る
359. beg	(～を)嘆願する
360. prefer A to B	BよりAを好む
361. weep	しくしく泣く
362. hate	(～を)嫌う
363. worry	心配をする
364. anxious	心配して
365. satisfy	(～を)満足させる
366. annoy	(～を)いらだたせる
367. bother	(～に)面倒をかける
368. disturb	(～に)迷惑をかける
369. frighten	(～を)おびえさせる
370. upset	(～を)動揺させる
371. regret	(～を)後悔する
372. favor	親切な行為
373. interest	関心
374. pity	残念なこと
375. due to	(...が)原因で
376. reason	理由
377. result	結果
378. effect	効果
379. influence	影響（力）
380. cause	(～を)引き起こす
381. affect	(～に)影響を与える
382. way	方法
383. manner	方法
384. purpose	目的
385. sake	ため
386. right	ちょうど
387. complete	完全な
388. hardly	ほとんど(～)ない
389. nearly	ほとんど
390. partly	ある程度(部分的に)
391. actually	実は
392. indeed	実際に
393. even	さえも
394. exactly	正確に
395. gradually	徐々に
396. therefore	それゆえに
397. instead	代わりに
398. until	(〜)まで（ずっと）
399. besides	(～)に加えて
400. except	(～)を除いて
401. debate	討論 [～を討論する]
402. criticize	[～を]批判する
403. accuse	[～を]非難する[～を告訴する]
404. insist	[（on)～と）]言い張る[（強く）主張する]
405. object	[（to）～に感情的に]反対する [物 目的（嘲笑，欲望などの）対象]
406. protest	（against ～）（～に対して）抗議する [抗議]
407. controversial	論争を招く[物議をかもす]
408. bound	（to do）きっと～（する，～する［である］に違いない） （for ～行きで)
409. bet	(that S Vきっと～だと思う) [～を]賭ける
410. congratulate	（人を)祝う(～にお祝いを述べる)
411. praise	（A for B）（AをB のことで）褒める[称える 賞賛]
412. honor	名誉[栄誉,～を敬う]
413. chat	おしゃべりする [おしゃべり]
414. refer	（to ～）（人が～に）言及する[参照する,示す]
415. mention	(について)述べる(言及する)
416. convey	(～を)伝える （乗客，音，病気などを運ぶ)
417. emphasize	(～を)強調する
418. exaggerate	(～を)誇張する (大げさに言う)
419. reply	（to ～）（～に）返事をする(答える,返事，答え)
420. respond	（to ～）（手紙や問いなどに）返答する （to ～に対応する，反応する)
421. whisper	ささやく (ささやき,声）
422. remark	(発言)(～と)発言する
423. observe	(～を)観察する（that S V）（気づいたことを～と述べる) （規則などを遵守する )（記念日などを祝う)
424. theory	理論 （学説)
425. analysis	分析
426. experiment	実験 (実験する)
427. device	装置
428. phenomenon	現象 (特異なもの，天才)
429. substance	物質 (本質，根拠)
430. chemical	（通例 －s）化学物質 (化学の)
431. fuel	燃料 （感情などを大きくする)
432. nuclear	原子力の(核の)
433. statistics	統計（値）〈複数扱い〉 (統計学〈不可算〉)
434. pursue	(～を)追求する(続ける ～を追跡する)
435. accomplish	(～を)やり遂げる
436. overcome	(～を)克服する
437. fulfill	（義務，願望などを)果たす （必要などを満たす)
438. devote	（A to B） （AをB に）ささげる
439. aim	狙う （-ed at ～向けだ )(狙い，目的)
440. challenge	難問(課題)(～に異議を唱える)
441. trial	試み (裁判,試練)
442. dizzy	めまいがして
443. pale	（顔色が）青白い(青ざめた,色が淡い)
444. appetite	食欲
445. starve	（be －ing）とてもお腹が空いている (餓死する)
446. mental	精神の (知力の)
447. rest	休憩 （the －残り) （横になったりして休む) （on ～）（～次第だ) (～を休ませる)
448. ache	痛み (痛む)
449. surgery	手術 (外科)（① ②ともに〈不可算〉)
450. disease	病気
451. symptom	（通例 －s）症状(兆候)
452. cancer	がん （C－カニ座)
453. ambulance	救急車
454. recover	（from ～）（～から）回復する （盗品などを取り戻す)
455. sore	（のどや筋肉が）痛い （話題など触れてほしくない，心が痛む)
456. swell	（手足などが）腫れる （風船，費用などが膨らむ)
457. cough	咳をする (咳〈可算〉)
458. bleed	出血する
459. faint	（色，光などが）かすかな (気絶する, 気絶)
460. exhaust	[～を]疲れ果てさせる (～を使い果たす) (排出，排気ガス)
461. cure	(～を)治療する (治療法)
462. disabled	障がいのある （the －）（集合的に）(障がいのある人)
463. stiff	（筋肉などが）凝った，（動かすと痛い) (堅い)
464. muscle	筋肉
465. tongue	舌 (言語，言葉) （have a ～ tongue 話し方)
466. sense	感覚 (分別,意味) （何となく～を感じる)
467. sweat	汗（通例〈不可算〉） (汗をかく)
468. nationality	国籍
469. citizen	市民 (国民)
470. civil	（一般）市民の (国内の,礼儀正しい)
471. racial	人種の(民族の)
472. domestic	国内の(家庭内の)
473. rural	田舎の
474. suburb	（通例the －s）郊外
475. border	国境（地帯）(境界,～を縁取る)
476. burden	重荷(負担)
477. impact	（on）（～への）影響 （物体間の衝撃) （on）（～に影響を及ぼす)
478. status	地位（特定の時点の状況)
479. equal	（to）（～に）等しい(平等な,に等しい)
480. relationship	関係(親密な関係) 〈可算〉
481. reputation	（人，物の）評判〈可算〉
482. trend	（世の中の）風潮(傾向,流行)
483. service	（政府あるいは企業による）事業(制度)（電車，バスの便)(サービス，接客〈不可算〉)
484. religion	宗教
485. moral	道徳的な （物語の教訓) （－s 道徳)
486. standard	基準(水準,標準の)
487. prosperity	繁栄
488. crisis	危機
489. prejudice	偏見(先入観)(～に偏見をもたせる)
490. discrimination	差別(識別)
491. charity	慈善（事業）〈不可算〉(慈善団体〈可算〉 )(慈善のための)
492. benefit	恩恵 （－s 手当)（from）（～から利益を得る)(～に利益を与える)
493. welfare	福祉 （健康なども含めた幸福,生活保護)
494. community	（地域）社会(共同体（の人々）)
495. individual	個人(個体,個人の，個々の)
496. official	役人(役員,公式の)
497. immigrant	（外国からの）移民
498. volunteer	ボランティア （to do）（～することを）進んで引き受ける
499. contribute	（to）（～に）貢献する （の一因となる)（A to B）（A）をB に寄付する，提供する)
500. abolish	(～を)廃止する
501. impose	（A on B）（AをB に）課す(押しつける)
502. access	利用する権利 （場所への接近方法)
503. duty	義務(関税)
504. compulsory	義務的な(規定の)
505. responsible	（人が主語）責任がある （物が主語:原因となっている)
506. policy	政策 (方針,保険契約，約款)
507. elect	(～を選挙で）選ぶ
508. industry	工業 （the ～ industry 産業，業界,勤勉)
509. income	収入
510. profit	利益(利潤)
511. tax	税金（〈米〉→〈可算〉 〈英〉→〈不可算〉）
512. expense	費用(経費,（at the － of ～を犠牲にして）
513. debt	借金
514. deposit	預金(頭金，保証金,埋蔵物,～を預ける)
515. charge	料金 (責任，管理) （against ～に対する非難，告訴) (を請求する,を告訴する,を充電する)
516. wage	賃金 （闘争，運動などを行う)
517. recession	不況(不景気)
518. consume	(～を)消費する
519. waste	(～を)浪費する (浪費，無駄,廃棄物〈不可算〉)
520. invest	（A in B）（AをB に）投資する （A with B）（AにB を与える)
521. import	(～を)輸入する (輸入，輸入品)
522. financial	財政的な(金銭的な)
523. hire	(～を一時的に）雇う （金を払って～を借りる)
524. employ	（人を)雇う （物，事を用いる)
525. resign	（as ～を）辞職する （地位などを辞める)
526. qualify	（for ～の）資格がある （as ～としての資格を得る) (～に資格を与える)
527. assign	(～を)割り当てる (～を配属する)
528. occupation	職業〈可算〉 (占有，占領〈不可算〉)
529. career	職業 (経歴)
530. profession	（専門的な）職業 （the 同業者集団)
531. unemployment	失業 (失業率（＝－rate），失業者数 )
532. document	書類(資料,を記録する)
533. department	（組織の）部門(課,学科,省)
534. branch	支店(支局,(学問の)部門,枝)
535. retail	小売り〈不可算〉(小売りされている)
536. system	組織(制度,体系) （①②ともに〈可算〉）
537. structure	構造
538. architecture	建築（様式）〈不可算〉
539. construction	建設〈不可算〉
540. function	機能 (機能する)(製品がdoするもの)
541. surface	表面(表面化する)
542. aspect	側面
543. edge	端 （ナイフなどの刃,優位)
544. consist	（of ～で）構成されている （in ～にある)
545. compose	(～を)構成する(組み立てる,を作曲［作文］する,を落ち着かせる)
546. attach	(～を)くっつける(添付する,に愛着を持たせる)
547. connect	(～を)つなげる(を関連づける,つながる)
548. relate	（A to B）（AをBに）関連づける(を順序立てて話す) （to～の気持ちがわかる)
549. associate	（A with B）（AをBと）関連づける，（連想する)（with ～と付き合う)(同僚，共同経営者)
550. stick	(～を)貼り付ける(舌や脚を出す)（to 規則などを守る，固執する)
551. separate	(～を)引き離す(別々の)
552. thief	泥棒
553. crime	犯罪
554. motive	動機
555. punish	（人for）（人を～の理由で）罰する
556. violate	（法律なに）違反する （権利などを侵害する)
557. legal	合法の (法律の，法的な)
558. enemy	敵 （敵の)
559. compete	競争する （in ～競技などに参加する)
560. defeat	（相手を)打ち負かす(敗北)
561. victim	犠牲者
562. obstacle	（to）（～に対する）障害〈可算〉
563. harm	害〈不可算〉 (に害を与える)
564. invade	（プライバシーなどを)侵害する （国などに侵入する，を侵略する)
565. endanger	(～を)危険にさらす
566. interrupt	(～を)中断する(を遮る,話を遮る)
567. spoil	(～を)台無しにする （子どもを甘やかす)
568. spectator	観客
569. relative	（家族も含めて）親戚 (相対的な)
570. enter	(～に)入る (～を入力する)（into）（ある段階などに入る)
571. accompany	（人が主語～と)一緒に行く(物が主語～に伴う)
572. departure	出発(逸脱)
573. destination	目的地（tourist －旅行先，観光地)
574. transportation	交通機関〈不可算〉
575. via	(～)経由で(～によって)
576. lead	（to）（～に）至る（a ～ life）（～な生活を送る)（A to do A に～させる)(鉛，シャーペンなどの芯)
577. rise	上がる(昇る,上昇)
578. lower	(～を)下げる
579. flow	流れる(流れ)
580. burst	破裂する(爆発する,突然～し始める)
581. crack	割れる(砕ける,パンと音を出す,を割る，砕く,割れ目)
582. melt	（固体が）溶ける(を溶かす)
583. progress	進歩(前進 〈不可算〉 進歩する，進む)
584. advance	進歩(前進 〈可算〉（軍隊などが）前進する，進歩する ,事前の)
585. deal	（with）（～を）扱う(取り引き)
586. handle	[(～を)扱う （手でを扱う，触れる,取っ手)
587. cope	（with）（～にうまく）対処する
588. treat	（副詞を伴って～を)扱う（病人，病気を治療する （A to B） （AにBをおごる,楽しみ)
589. clue	（to）（～の）手がかり
590. restrict	(～を)制限する
591. limit	（数量，範囲を)制限する (制限)
592. forbid	(～を)禁じる
593. ban	禁止〈可算〉(～を禁止する)
594. refuse	(～を)断る（to do～するのを拒む)
595. reject	(～を)拒絶する （人を除け者にする)
596. persuade	（A to do）（Aを)説得して(〜)させる
597. convince	（A of B）（AにBを）確信させる（A that S V）（Aに～を確信させる,A to do Aを説得して～させる)
598. inspire	(～を)奮起させる(かき立てる,（作品に創作のヒントを与える)
599. discourage	(～の)やる気をなくさせる(落胆させる)
600. promote	(～を)促進する （be［get］－d to （～に出世［昇進］する)
601. expand	拡大する
602. extend	(...を)延長する
603. broaden	(...を)広げる
604. spread	(...を)広げる
605. tie	（荷物などを)縛る
606. bind	(...を)結びつける
607. fasten	(...を)固定する
608. fix	(...を)固定する
609. install	（機械などを)設置する
610. resist	(...を)我慢する
611. obey	(...に)従う
612. engage	従事する
613. bump into	(...に)ぶつかる
614. crash	激突する
615. bend	身をかがめる
616. hug	（人を)抱きしめる
617. stare at	(...を)じっと見つめる
618. gaze at	(...を)見つめる
619. glance	ちらりと見る
620. glimpse	(...が)ちらりと見える
621. stretch	（手足や体を)伸ばす
622. stumble	つまずく
623. press	(...を)押す
624. drag	(...を)引きずる
625. lean against	(...に)寄りかかる
626. scratch	(...を)ひっかく
627. bow	おじぎする
628. nod	うなずく
629. sigh	ため息をつく
630. yawn	あくびをする
631. bury	(...を)埋める
632. perform	(...を)遂行する
633. adopt	(...を)採用する
634. escape from	(...から)逃れる
635. scatter	(...を)まき散らす
636. fold	(...を)折る
637. hang	(...を)掛ける
638. release	(...を)解放する
639. strike	(...を)打つ
640. beat	(...を)打つ
641. protect	(...を)守る
642. twist	(...をねじ）曲げる
643. stir	（液体などを)混ぜる
644. shake	(...を)振る
645. burn	焼ける
646. skip	(...を)さぼる
647. expose	(...を)さらす
648. dip	(...をちょっと）つける
649. polish	(...を)磨く
650. cheat	ごまかす
651. attend	(...に)出席する
652. participate in	(...に)参加する
653. imitate	(...を)まねる
654. exist	存在する
655. arise	生じる
656. occur	生じる
657. generate	（電気、利益などを)生み出す
658. be involved in	（事件などに)巻き込まれる
659. require	(...を)必要とする
660. counterpart	対応する人
661. maintain	(...を)維持する
662. last	（時間的に）続く
663. persist	持続する
664. gain	(...を)増す
665. obtain	（資格、許可、情報などを)得る
666. acquire	(...を)習得する
667. examine	(...を)調査する
668. search A for B	B（物）を求めてA（場所）を捜す
669. reunion	同窓会
670. scholarship	奨学金
671. logic	論理
672. instruction	指示
673. determine	(...を)決める
674. conclude	(...と)結論を下す
675. distinguish	(...を)区別する
676. classify	(...を)分類する
677. estimate	(...を)推定する
678. select	(...を)選ぶ
679. organize	（考えなどを)まとめる
680. recognize	（知り合いなどが)誰だかわかる
681. be supposed to do	(...)することになっている
682. assume	(...と)思い込む
683. care	（否定文で）気にする
684. doubt	(...を)疑う
685. notice	(...に)気が付いている
686. aware	気づいている
687. conscious	意識している
688. be concerned with ...	(...に)関心を持っている
689. regard A as B	AをBとみなす
690. commit oneself to, be committed to	(...に)専念する
691. memorize	(...を)暗記する
692. approve of	(...を)認める
693. forgive	（人、過ちを)許す
694. grant	(...を)認める
695. recall	(...を)思い出す
696. abandon	(...を)捨てる
697. get rid of	（不用品を)処分する
698. eliminate	（不要な人、物、事を)排除する
699. relieve	(...を)取り除く
700. remove	(...を)取り除く(を解雇する)
701. resource	（石油などの）資源
702. conservation	保存(保護)
703. preserve	（自然などを)保護する
704. disaster	災害
705. planet	惑星
706. environment	環境
707. horizon	水平線
708. agriculture	農業
709. crop	作物
710. soil	土
711. weed	雑草
712. drown	溺れ死ぬ
713. leak	漏れる
714. climate	気候
715. atmosphere	大気
716. forecast	予報
717. thermometer	温度計
718. humid	湿気が多い
719. tropical	熱帯の
720. solar	太陽の
721. mosquito	蚊
722. species	種（しゅ）
723. extinct	絶滅した
724. feed	(...)にえさを与える
725. energetic	活発な
726. greedy	貪欲な
727. brave	勇敢な
728. generous	気前のよい
729. intellectual	知的な
730. curious	好奇心が強い
731. imaginative	想像力豊かな
732. talkative	おしゃべりの
733. can afford to do	(...)する余裕がある
734. eager	熱心な
735. selfish	利己的な
736. aggressive	攻撃的な
737. cruel	残酷な
738. addicted	(...)の中毒になっている
739. stubborn	頑固な
740. earnest	真面目な
741. bold	大胆な
742. guilty	申し訳なく思う
743. innocent	無実の
744. sincere	誠実な
745. modest	謙虚な
746. stupid	ばかな
747. indifferent	無関心で
748. punctual	時間を守る
749. coward	臆病者
750. precise	(説明や発音が)正確な
751. accurate	(情報や計算結果などが)正確な
752. proper	適切な
753. tidy	きちんとした(収まっている)
754. neat	きちんとした(余計なものが乗っていない)
755. efficient	能率的な
756. reasonable	理にかなった
757. significant	重要な
758. precious	貴重な
759. essential	不可欠な
760. fundamental	根本的な
761. critical	重大な
762. serious	深刻な
763. complex	複雑な
764. complicated	複雑な
765. delicate	繊細な
766. plain	明白な(理解・認識が簡単)
767. obvious	(誰の目にも)明白な
768. remarkable	注目すべき
769. outstanding	傑出した
770. various	さまざまな
771. diverse	多様な
772. sort	種類
773. fancy	高級な
774. marvelous	驚くべき
775. fabulous	とても素敵な
776. active	積極的な
777. positive	前向きな
778. pure	純粋な
779. steady	着実な
780. flexible	柔軟な
781. ripe	熟した
782. mature	成熟した
783. stable	安定した
784. negative	否定的な
785. vague	あいまいな
786. weird	変な
787. rough	粗い
788. severe	（天候、批判、罰則などが）厳しい
789. passive	受動的な
790. in vain	無駄に
791. fake	偽の
792. risky	危険な
793. absurd	ばかげた
794. odd	奇妙な
795. contrast	対比
796. valid	（理由、主張などが）妥当な
797. available	手に入る
798. casual	気楽な
799. rare	珍しい
800. practical	現実的な
801. brand-new	新品の
802. rapid	急速な
803. urgent	緊急の
804. sharp	（変化、方向転換などが）急激な
805. calm	落ち着いた
806. shallow	浅い
807. bare	むき出しの
808. naked	（人が）裸の
809. independent	独立した
810. tense	張り詰めた
811. broad	幅広い
812. narrow	狭い
813. vacant	空いている
814. vivid	（記憶、描写などが）鮮明な
815. mutual	（感情、行為が）相互の
816. awkward	ぎこちない
817. objective	客観的な
818. manual	手を使う
819. alike	似ている
820. tend to do	(...)する傾向にある
821. deserve	(...)に値する
822. fragment	破片
823. ease	簡単さ
824. range	範囲
825. scale	規模
826. unique to	(...)に特有の
827. particular	ある特定の
828. general	一般的な
829. ordinary	平凡な
830. typical	典型的な
831. account for	(...)の割合を占める
832. calculate	(...)を計算する
833. measure	(...)を測る
834. split	(...)を割る
835. volume	容積
836. proportion	比率
837. dozen	ダース
838. amount	量
839. mass	大量
840. shortage	不足
841. enormous	莫大な
842. spare	余分な
843. arrange	(...を)手配する
844. adapt	適応する
845. match	(...と)調和する
846. fit	に合う
847. emergency	緊急事態
848. occasion	場合
849. circumstance	状況
850. incident	（主に不快な）出来事
851. current	最新の
852. temporary	一時的な
853. permanent	永久的な
854. previous	（時間、順序で）前の
855. former	前者
856. annual	年に一度の
857. contemporary	現代の
858. lately	最近
859. immediately	すぐに
860. supply	(...を)供給する
861. replace	(...に)取って代わる
862. exchange	(...を)交換する
863. substitute A for B	Bの代わりにAを用いる
864. submit	（願書、辞表などを)提出する
865. alternative to	(...の)代わりのもの
866. deliver	(...を)配達する
867. enclose	(...を)同封する
868. envelope	封筒
869. trick	（悪意のない）いたずら
870. load	荷物
871. content	中身
872. routine	日課
873. household	所帯
874. good	商品
875. luxury	高級
876. credit	クレジットカード
877. questionnaire	アンケート
878. reservation	予約
879. applause	拍手
880. fuss	大騒ぎ
881. reward	報酬
882. farewell	別れ
883. reception	もてなし(受付)
884. hospitality	もてなし
885. portion	（食事の）一盛り
886. laundry	洗濯
887. stain	シミ
888. dye	(...を)染める
889. outlet	コンセント
890. nap	昼寝
891. wake	目が覚める
892. vending machine	自動販売機
893. grocery	食料雑貨店
894. appointment	（病院などの）予約
895. consult	(...に)相談する
896. register	(...を)登録する
897. subscribe to	(...を)定期購読する
898. guarantee	(...を)保証する
899. wipe	(...を)拭く
900. sweep	（床、地面を)掃く
901. transfer	（電車などを）乗り換える
902. divorce	離婚する
903. fate	運命(宿命)
904. destiny	運命
905. flavor	風味
906. perfume	香り
907. ingredient	（料理などの）材料
908. tender	（肉などが）柔らかい
909. bitter	苦い
910. aisle	通路
911. track	足跡
912. district	地区
913. facility	施設
914. basement	地下
915. height	高さ
916. distant	遠い
917. remote	へんぴな
918. be located	(...に)位置している
919. occupy	(...を)占める
920. surround	(...を)取り囲む
921. classical	（音楽、バレエ、ダンスなどで）クラシックの
922. civilization	文明
923. heritage	遺産
924. script	台本
925. tale	話
926. literature	文学
927. tragedy	悲劇
928. poetry	詩
929. biography	伝記
930. term	用語
931. proverb	ことわざ
932. fluent	流ちょうな
933. translate	(...を)翻訳する
934. define	(...を)定義する
935. interpret	(...を)解釈する
936. quote	(...を)引用する
937. literally	文字どおりに
938. indicate	（データなどが...を)示す
939. reveal	(...を)明らかにする
940. announce	(...を)発表する
941. broadcast	(...を)放送する
942. prove	(...を)証明する
943. advertise	(...を)宣伝する
944. seek	(...を)求める
945. entertain	(...を)楽しませる
946. amuse	(...を)楽しませる
947. attract	(...を)引きつける
948. fascinate	(...を)魅了する
949. be absorbed in	(...に)没頭する
950. fond	好きで
951. scare	(...を)おびえさせる
952. alarm	(...を)ぎょっとさせる
953. amaze	(...を)驚かせる
954. irritate	(...を)いらいらさせる
955. puzzle	(...を)当惑させる
956. confuse	(...を)混乱させる
957. bore	(...を)うんざりさせる
958. frustrate	(...を)欲求不満にさせる
959. disappoint	(...を)失望させる
960. embarrass	(...に)恥ずかしい思いをさせる
961. ashamed	恥ずかしい
962. uneasy	不安な
963. hesitate	ためらう
964. be reluctant to do	(...するのは)気が進まない
965. tremble	震える
966. boast	自慢する
967. jealous of	(...に)嫉妬した
968. envy	(...を)うらやましく思う
969. yell	叫ぶ
970. respect	(...を)尊敬する
971. despair	絶望
972. emotion	感情
973. sympathy	同情
974. shame	残念なこと
975. ambition	願望
976. confidence	自信
977. courage	勇気
978. ignore	(を)無視する
979. owe A to B	AはBのおかげだ
980. fear	恐怖
981. method	方法
982. medium	（情報伝達）手段
983. means	手段
984. extent	程度
985. extremely	極度に
986. total	全体の
987. largely	大部分は
988. moderate	適度な
989. somewhat	いくぶん
990. subtle	かすかな
991. possibly	ひょっとすると
992. eventually	最終的に
993. not necessarily	必ずしも(...)ない
994. frankly	率直に
995. ironically	皮肉なことに
996. moreover	その上
997. otherwise	さもなければ
998. regardless of	(...)とは無関係に
999. worth	(...の)価値がある
1000. according to	（調査、人の話など）によれば
1001. propose	(...を)提案する
1002. demand	(...を強く）要求する
1003. desire	願望
1004. dismiss	（意見や考えなどを)退ける
1005. bless	(...を)祝福する
1006. glory	栄光
1007. compliment	褒め言葉
1008. feast	宴会
1009. declare	(...を)宣言する
1010. demonstrate	(...をはっきり）示す
1011. highlight	(...を)強調する
1012. imply	（暗に...を)意味する
1013. recite	(...を)暗唱する
1014. ray	光線
1015. radiation	放射線
1016. laboratory	研究室
1017. oxygen	酸素
1018. molecule	分子
1019. compound	化合物
1020. tissue	（細胞の）組織
1021. cell	細胞
1022. gene	遺伝子
1023. solid	固体の
1024. satellite	衛星
1025. orbit	軌道
1026. launch	（ロケットなどを)打ち上げる
1027. attempt	試み
1028. capacity	能力
1029. be capable of	(...)する能力がある
1030. attain	(...を)達成する
1031. desperate	必死の
1032. struggle	苦闘する
1033. dedicate A to B	AをBに捧げる
1034. pain	苦痛
1035. strain	（心身の）負担
1036. remedy	治療法
1037. fatigue	（ひどい）疲労
1038. obesity	（病的な）肥満
1039. nursing	看護
1040. terminal	（病気が）末期の
1041. pregnant	妊娠した
1042. heal	(...を)治す
1043. ankle	足首
1044. thumb	親指
1045. forehead	ひたい
1046. chin	下あご
1047. chest	胸
1048. breast	（主に女性の）胸
1049. lung	肺
1050. organ	臓器
1051. vision	視力
1052. skeleton	がい骨
1053. sensation	感覚
1054. code	（服装などの）規定
1055. agenda	議題
1056. gender	性
1057. liberty	自由
1058. humanity	（集合的に）人類
1059. mankind	（集合的に）人類
1060. authority	権威
1061. justice	正義
1062. insurance	保険
1063. hardship	（主に経済的）苦難
1064. poverty	貧困
1065. chaos	大混乱
1066. isolation	孤立
1067. interaction	交流
1068. region	地域
1069. proof	証拠
1070. principle	原理
1071. origin	起源
1072. setting	環境
1073. monument	記念碑
1074. mission	任務
1075. project	計画
1076. revolution	革命
1077. pension	年金
1078. found	(...を)創立する
1079. contract	契約
1080. negotiate with	(...と)交渉する
1081. cooperate with	(...と)協力する
1082. restore	（治安などを)回復する
1083. conservative	保守的な
1084. affair	情勢
1085. agency	（政府）機関
1086. council	議会
1087. kingdom	王国
1088. republic	共和国
1089. empire	帝国
1090. security	（国家などの）安全
1091. aid	援助
1092. reform	改革
1093. mayor	市長
1094. minister	大臣
1095. poll	（政治関連の）世論調査
1096. fortune	財産
1097. property	（主に集合的）財産
1098. fund	資金
1099. stock	株
1100. bankrupt	倒産した
1101. labor	労働
1102. overwork	働きすぎる
1103. firm	会社
1104. union	労働組合
1105. administration	経営
1106. secretary	秘書
1107. editor	（新聞、雑誌などの）編集長
1108. client	依頼人
1109. colleague from	(...の)同僚
1110. basis	基礎
1111. element	（もっとも重要な）要素
1112. constitute	(...を)構成する
1113. unify	(...を)統一する
1114. unite	団結する
1115. combine A with B	AをBと結びつける
1116. murder	殺人
1117. arrest	(...を)逮捕する
1118. prison	刑務所
1119. vice	（売春、麻薬などの）犯罪
1120. witness	目撃者
1121. conflict	対立
1122. bullet	弾丸
1123. wound	傷
1124. triumph	勝利
1125. military	軍事的な
1126. strategy	戦略
1127. conquer	（国や地域を)征服する
1128. defend A from B	BからAを守る
1129. quarrel with	(...と)口論する
1130. rob	（銀行などを)襲う
1131. deprive A of B	AからBを奪う
1132. devastate	（町などを)壊滅させる
1133. hazard	危険
1134. orphan	孤児
1135. infant	（主に歩く前の）幼児
1136. slave	奴隷
1137. acquaintance	知人
1138. merchant	商人
1139. resident	住人
1140. crew	乗組員
1141. commute	通勤する
1142. chase	(...を)追いかける
1143. overtake	(...を)追い越す
1144. fade	（色、記憶などが）薄れる
1145. dissolve	溶ける
1146. float	浮かぶ
1147. sink	沈む
1148. fluctuate	（数値、物価が）変動する
1149. circulate	循環する
1150. transform	(...を大幅に）変える
1151. shift	（考え方の）転換
1152. modify	(...を部分的に)修正する
1153. revise	（制度、予測、論文などを)修正する
1154. vehicle	（エンジンの付いた）車両
1155. voyage	航海
1156. confirm	(...を)確認する
1157. ensure	(...を)確実にする
1158. address	(...に)取り組む
1159. approach to	(...)への取り組み方
1160. resolve	(...を)解決する
1161. settle	（紛争などを)解決する
1162. warn	(...に)警告する
1163. force	(...に)強いる
1164. boost	(...を)促進させる
1165. appeal to	(...に)訴える
1166. leap	跳ぶ
1167. grab	(...をぐいっと）つかむ
1168. seize	(...を)つかむ
1169. cast	(...を)投げる
1170. slap	(...を)平手打ちする
1171. stun	(...を)気絶させる
1172. illuminate	(...を)照らす
1173. mend	(...を)修繕する
1174. react to	(...)に反応する
1175. endure	（長期にわたり...に)耐える
1176. encounter	(...に)偶然出会う
1177. neglect	(...を)怠る
1178. undergo	(...を)経験する
1179. trace	(...を)捜し出す
1180. conduct	(...を)行う
1181. emerge	（隠れていたものが）現れる
1182. unfold	展開する
1183. derive from	(...に)由来する
1184. possess	(...を)所有している
1185. retain	(...を)保持する
1186. secure	（場所、地位、契約などを)確保する
1187. capture	(...を)捕らえる
1188. inquiry into	の調査
1189. specialize in	(...を)専攻する
1190. semester	（2学期制の）学期
1191. biology	生物学
1192. ecology	生態（学）
1193. philosophy	哲学
1194. geography	地理（学）
1195. psychology	心理学
1196. institution	（大学、病院などの）機関
1197. dormitory	寮
1198. notion	考え
1199. concept	概念
1200. meditation	瞑想
1201. insight into	（...に対する）洞察（力）
1202. outlook	（人生、世界などに対する）考え方
1203. caution	用心
1204. will	意志
1205. option	選択肢
1206. nightmare	悪夢
1207. keen	（頭脳、感性などが）鋭い
1208. cherish	(...を)大切にする
1209. intend to do	(...)するつもりだ
1210. suspect	(...)ではないかと疑う
1211. comprehend	(...を十分に）理解する
1212. misunderstand	（人、人の言うことを)誤解している
1213. identify	(...を何なのか）特定する
1214. permit	(...を)許可する
1215. acknowledge	(...を)認める
1216. trim	(...を)刈り込む
1217. omit	(...を)省く
1218. cultivate	(...を)耕す
1219. shade	日陰
1220. breeze	そよ風
1221. desert	砂漠
1222. fog	霧
1223. moisture	湿気
1224. damp	湿った
1225. path	（小）道
1226. trail	山道
1227. stream	小川
1228. tide	潮
1229. habitat	生息地
1230. layer	（大気や地面などの）層
1231. volcano	火山
1232. mine	鉱山
1233. scent	（花、果物の良い）香り
1234. wheat	小麦
1235. swallow	ツバメ
1236. web	（クモの）巣
1237. cattle	ウシ
1238. kitten	子ネコ
1239. organism	生物
1240. wildlife	野生生物
1241. beast	野獣
1242. ape	類人猿
1243. mammal	哺乳動物
1244. flock	（鳥、羊の）群れ
1245. breed	繁殖する
1246. reproduce	繁殖する
1247. hatch	（卵から）かえる
1248. diligent	勤勉な
1249. noble	高潔な
1250. arrogant	傲慢な
1251. timid	臆病な
1252. humble	控えめな
1253. be inclined to do	(...)する傾向がある
1254. principal	主要な
1255. prime	（目標、容疑者などが）最重要な
1256. indispensable	不可欠な
1257. grave	重大な
1258. definite	明確な
1259. evident	明らかな
1260. prominent	（物が）目立った
1261. marked	際立った
1262. grace	優美さ
1263. charm	魅力
1264. rational	理性的な
1265. magnificent	壮大な
1266. be superior to	(...)より優れている
1267. loyal to	(...)に忠実な
1268. horrible	（物、天気などが）とてもひどい
1269. miserable	悲惨な
1270. dull	退屈な
1271. nasty	（人、物、発言などが）不快な
1272. insane	正気でない
1273. ridiculous	ばかげた
1274. notorious for	(...で)悪名高い
1275. evil	（道徳的に）悪い
1276. mess	乱雑
1277. vast	（地域、土地が）広大な
1278. huge	巨大な
1279. tiny	とても小さな
1280. sphere	球体
1281. strip	細長い一片
1282. internal	内部の
1283. mobile	流動的な
1284. steep	（坂などが）険しい
1285. intense	（感情、競争などが）強烈な
1286. abstract	抽象的な
1287. inevitable	避けられない
1288. neutral	中立の
1289. brief	手短な
1290. potential	潜在的な
1291. tough	たくましい
1292. secondhand	中古の
1293. resemble	(...)に似ている
1294. on the contrary	それどころか
1295. category	範ちゅう
1296. scope	範囲
1297. respective	それぞれの
1298. given	（時間、量などが）定められた
1299. peculiar to	(...に)固有の
1300. plenty of	十分な
1301. sufficient	十分な
1302. numerous	多くの
1303. substantial	かなりの
1304. unit	単位
1305. diameter	直径
1306. quantity	量
1307. deficiency	欠乏
1308. lessen	(...を)減らす
1309. era	時代
1310. session	（活動の）期間
1311. pause	休止
1312. meanwhile	その間
1313. souvenir	お土産
1314. brick	れんが
1315. pole	棒
1316. thread	糸
1317. mischief	いたずら
1318. superstition	迷信
1319. storage	貯蔵
1320. shelter	避難（所）
1321. garment	衣類
1322. cabinet	戸棚
1323. recipe	レシピ
1324. brochure	パンフレット
1325. shipping	（商品の）発送
1326. fetch	(...を)取ってくる
1327. distribute	(...を)分配する
1328. statue	像
1329. sculpture	彫刻
1330. carve	(...を)彫る
1331. myth	神話
1332. craft	工芸（品）
1333. journal	雑誌
1334. heaven	天国
1335. funeral	葬式
1336. soul	魂
1337. priest	神父
1338. faith	（主に宗教上の）信仰
1339. sacred	神聖な
1340. divine	神の
1341. context	文脈
1342. singular	単数の
1343. command	言語を操る力
1344. instance	例
1345. narrative	語り
1346. dialogue	（本、劇、映画の中の）会話
1347. usage	語法
1348. accent	訛
1349. temper	気性
1350. affection	愛情
1351. enthusiasm	情熱
1352. passion	情熱
1353. rage	激怒
1354. sorrow	悲しみ
1355. incredible	信じられない
1356. chuckle	くすくす笑う
1357. tease	(...を)からかう
1358. dare to do	思い切って(...)する
1359. be willing to do	嫌がらずに(...)する
1360. scream	悲鳴をあげる
1361. soothe	（人を)なだめる
1362. tempt	(...を)誘惑する
1363. scold	(...を)しかる
1364. oppress	(...を)圧迫する
1365. threaten to do	(...)すると脅す
1366. delight	(...を)喜ばせる
1367. astonish	(...をとても）驚かせる
1368. mourn	(...を)嘆く
1369. offend	(...を)怒らせる
1370. depress	(...を)憂鬱にさせる
1371. sacrifice	(...を)犠牲にする
1372. impulse	衝動
1373. curse	災いのもと
1374. factor	要因
1375. stem from	(...が)原因である
1376. trigger	(...の)きっかけになる
1377. consequence	結果
1378. process	過程
1379. resort to	（暴力や武力などに)訴える
1380. formula	方法
1381. procedure	手続き
1382. extraordinary	並外れた
1383. absolute	絶対的な
1384. overwhelming	圧倒的な
1385. altogether	完全に
1386. entire	すべての
1387. tremendous	すさまじい
1388. sheer	（数量やサイズを強調して）とてつもない(...の)
1389. partial	部分的な
1390. barely	かろうじて
1391. slight	わずかな
1392. approximately	（数量が）おおよそ
1393. frequently	頻繁に
1394. apparently	どうやら(...らしい)
1395. merely	（主に名詞の前で...）にすぎない
1396. nevertheless	それにもかかわらず
1397. somehow	何らかの方法で
1398. thus	それゆえ
1399. pretty	まあまあ
1400. despite	(...)にもかかわらず
1401. assert	(...と)断定する
1402. defy	(...に)逆らう
1403. condemn	(...を)非難する
1404. contradict	(...と)矛盾する
1405. cite	(...を)引き合いに出す
1406. illustrate	（例で...を)説明する
1407. articulate	（考えなどを)はっきり述べる
1408. advocate	提唱者
1409. breakthrough	飛躍的進歩
1410. evolution	進化
1411. innovation	革新
1412. probe	探査機
1413. fluid	流体
1414. particle	粒子
1415. gravity	重力
1416. friction	摩擦
1417. mutation	突然変異
1418. heredity	遺伝
1419. hypothesis	仮説
1420. specimen	標本
1421. microscope	顕微鏡
1422. realm	領域
1423. acid	酸性の
1424. toxic	有害な
1425. poison	毒
1426. strive	努力する
1427. endeavor	努力
1428. manufacture	(...を)製造する
1429. yield	(...を)産出する
1430. duplicate	(...を)複製する
1431. assemble	(...を)組み立てる
1432. mold	(...を型に入れて）作る
1433. coin	(...を)作り出す
1434. physician	医師
1435. veterinarian	獣医
1436. therapy	治療
1437. injection	注射
1438. dose	（一回分の）服用量
1439. sanitation	衛生
1440. germ	細菌
1441. tumor	腫瘍
1442. agony	苦痛
1443. disorder	（心身の）不調
1444. plague	疫病
1445. epidemic	（大）流行
1446. diagnosis	診断
1447. mortality rate	死亡率
1448. chronic	慢性の
1449. immune	免疫の
1450. choke on	(...で)息が詰まる
1451. paralyze	(...を)麻痺させる
1452. infect	（人、動物、地域に）感染させる
1453. prescribe	（薬などを)処方する
1454. digest	...を消化する
1455. weary	（極度に）疲れている
1456. nourish	...に栄養を与える
1457. flesh	（人、動物の皮、骨に対する）肉
1458. kidney	腎臓
1459. posture	姿勢
1460. limb	手足（の一本）
1461. erect	直立した
1462. compensate A for B	AにBを補償する
1463. flourish	栄える
1464. abuse	虐待
1465. bias	偏見
1466. prestige	名声
1467. privilege	特権
1468. feat	偉業
1469. dignity	威厳
1470. virtue	美徳
1471. aristocracy	貴族
1472. rebel	反逆者
1473. scheme	計画
1474. convention	会議
1475. conference on	(...)に関する会議
1476. consent	合意
1477. initiative	新構想
1478. province	（カナダなどの）州
1479. colony	植民地
1480. frontier	辺境
1481. tribe	部族
1482. primitive	原始的な
1483. ethnic	民族の
1484. anonymous	匿名の
1485. coverage	報道
1486. obligation	（社会に対する）責務
1487. norm	ふつうのこと
1488. patent	特許（権）
1489. entitled to	(...の)権利がある
1490. donate	(...を)寄付する
1491. conform to	(...に)合わせる
1492. comply with	(...に)従う
1493. legislation	（集合的に）法律
1494. testimony	（法廷などでの）証言
1495. jury	陪審（員団）
1496. legitimate	正当な
1497. enforce	(...を)施行する
1498. regime	政権
1499. bureaucracy	官僚制度
1500. corruption	腐敗
1501. tyranny	圧政
1502. sanction	制裁
1503. census	国勢調査
1504. candidate for	(...の)候補（者）
1505. senator	上院議員
1506. ambassador	大使
1507. diplomat	外交官
1508. refugee	難民
1509. territory	領土
1510. ally	同盟国
1511. federal	連邦の
1512. feudal	（主に欧州の）封建制の
1513. communist	共産主義（者）の
1514. estate	（全）財産
1515. asset	財産
1516. revenue	（国などの）歳入
1517. deficit	（会社、国の）赤字
1518. commerce	商業
1519. output	生産高
1520. subsidy	補助金
1521. monopoly	独占（権、品）
1522. transaction	取り引き
1523. corporation	企業
1524. enterprise	企業
1525. venture	（ベンチャー）事業
1526. headquarters	本社
1527. personnel	（官庁、会社などの）全職員
1528. expertise	専門的知識
1529. quota	ノルマ
1530. warehouse	倉庫
1531. toil	（長時間）骨折って働く
1532. undertake	（仕事などを)引き受ける
1533. merge	合併する
1534. comprise	(...)からなる
1535. component	構成要素
1536. framework	枠組
1537. prototype	原型
1538. dimension	（問題などの）側面
1539. margin	余白
1540. relevant	関連のある
1541. compatible with	と適合する
1542. correspond to(with)	と一致する
1543. identical	同一の
1544. equivalent	等しい
1545. random	無作為の
1546. warrior	戦士
1547. assault	襲撃
1548. troop	軍隊
1549. torture	拷問
1550. dispute	論争
1551. riot	暴動
1552. persecution	迫害
1553. dominate	(...を)支配する
1554. slaughter	(...を)虐殺する
1555. suppress	（反乱、暴動を)鎮圧する
1556. surrender to	(...に)降伏する
1557. contend with	(...と)戦う
1558. hostile	敵意のある
1559. wreck	（乗り物、家の）残骸
1560. toll	犠牲（死傷）者
1561. disrupt	（活動の進行などを)かき乱す
1562. interfere with	(...を)邪魔する
1563. confront	（困難などが人に)立ちふさがる
1564. hinder	(...を)妨げる
1565. explode	爆発する
1566. collide with	(...)と衝突する
1567. nephew	甥
1568. spouse	配偶者
1569. heir	相続人
1570. folk	民族
1571. peer	同等の人
1572. proceed	（順を追って）進む
1573. navigate	（旅などで）進路を決める
1574. roam	歩き回る
1575. flee	逃亡する
1576. retreat	退く
1577. crawl	這って進む
1578. drift	漂う
1579. alter	(...を)変える
1580. convert A into B	AをBに転換する
1581. shrink	縮む
1582. wither	しおれる
1583. transition	移り変わり
1584. distortion	歪めること
1585. enhance	(...を)向上させる
1586. reinforce	(...を)補強する
1587. foster	（才能などを)育成する
1588. breakdown	崩壊
1589. collapse	崩壊する
1590. render O C	OをCにする
1591. impair	（人間の機能などを)低下させる
1592. deteriorate	悪化する
1593. undermine	(...を)弱める
1594. tackle	(...に)取り組む
1595. at one's disposal	(...を)自由にする
1596. confine	(...を)閉じ込める
1597. designate	(...を)指定する
1598. regulate	（主に規則によって...を)規制する
1599. prohibit	(...を)禁じる
1600. refrain from	(...を)控える
1601. curb	(問題を起こしそうな感情等を)抑制する
1602. restrain	(...を力で)抑制する
1603. halt	(...を)止める
1604. animate	(...を)活気づける
1605. spur	(...を)駆りたてる
1606. urge	(...を)せき立てる
1607. lure	(...を)誘い込む
1608. stimulate	(...を)刺激する
1609. compel A to do	Aに(...)することを強制する
1610. dictate	(...を)書き取らせる
1611. blur	(...を)ぼやかす
1612. divert	（川などの)方向を変える
1613. reverse	(...を)逆転する
1614. supplement	（栄養、収入などを)補う
1615. pose	(...を)もたらす
1616. stroll	散策する
1617. shrug	（肩を)すくめる
1618. sniff	（くんくん）においをかぐ
1619. embrace	(...を)抱擁する
1620. betray	(...を)裏切る
1621. deceive	(...を)だます
1622. bully	(...を)いじめる
1623. squeeze	（果汁などを)搾る
1624. insert	(...を)差し込む
1625. detach A from B	AをBから切り離す
1626. withdraw	(...を)引っ込める
1627. withstand	(...に)耐える
1628. exert	（力、影響力などを)働かせる
1629. compile	(...を)まとめる
1630. browse	拾い読みする
1631. manipulate	(...を)操作する
1632. implement	（契約、計画などを)実行する
1633. execute	(...を)遂行する
1634. host	（大会などを)主催する
1635. mount	(...を)据え付ける
1636. discharge	(...を)排出する
1637. drain	(...の)水を抜く
1638. soak	(...を)浸す
1639. suspend	(...を)つるす
1640. extract	(...を)取り出す
1641. summon	(...を)呼ぶ
1642. embark on	(...に)着手する
1643. thrust	(...を)強く押しつける
1644. penetrate	(...に)入り込む
1645. intrude on	(...に)立ち入る
1646. evade	(...を)逃れる
1647. utilize	(...を)利用する
1648. spin	ぐるぐる回る
1649. plunge into	(...に)突っ込む
1650. rattle	ガタガタ鳴る
1651. vanish	消える
1652. cease to do (doing)	(...)しなくなる
1653. haste	急ぐこと
1654. conceal	(...を)隠す
1655. disguise	(...を偽装して）隠す
1656. coincide with	(...と)同時に起こる
1657. prevail	（考え、習慣などが）普及している
1658. sustain	（生命などを)維持する
1659. linger	（いつまでも）残る
1660. revive	生き返る
1661. resume	(...を)再開する
1662. inspect	(...を)検査する
1663. investigate	（研究班などが...を)調査する
1664. detect	(...を)探知する
1665. discern	(...を)見分ける
1666. expedition	（研究、探求、戦争目的の）探検
1667. enroll in	(...に)入学する
1668. discipline	(...を)しつける
1669. cram	詰め込み勉強をする
1670. faculty	（生まれ持った）能力
1671. tuition	授業料
1672. diploma	卒業証書
1673. mentor	(...を)指導する
1674. ethic	（社会や職業上の）倫理
1675. astronomy	天文学
1676. archaeologist	考古学者
1677. anthropologist	（文化）人類学者
1678. perceive A as B	AをBだと認識する
1679. grasp	(...を)理解する
1680. conceive	(...を)思い浮かべる
1681. anticipate	(...を)予想する
1682. foresee	(...を)予知する
1683. speculate	推測する
1684. infer A from B	BからAを推測する
1685. deduce A from B	BからAを推定する
1686. ponder	(...を)熟考する
1687. contemplate	(を)熟考する(沈思黙考する)
1688. assure	(...に)保証する
1689. assess	(...を)評価する
1690. evaluate	(...を正しく）評価する
1691. verify	（事実かどうかを)確かめる
1692. compromise with	(...と)妥協する
1693. reconcile A with B	AをBと調和させる
1694. alert	油断のない
1695. stereotype	固定観念
1696. perspective	（経験などで得られる）視点
1697. prospect	見通し
1698. vow	誓い
1699. intuition	直観
1700. illusion	幻想
1701. criterion	基準
1702. tolerate	(...を)大目に見る
1703. overlook	(...をうっかり）見落とす
1704. grain	穀物
1705. drought	干ばつ
1706. irrigation	灌漑
1707. spectacle	（きわめて印象的な）光景
1708. altitude	標高
1709. catastrophe	大災害
1710. decay	腐敗
1711. erosion	浸食
1712. flame	炎
1713. galaxy	銀河
1714. meteor	流星
1715. chill	寒気
1716. meadow	草地
1717. exploit	（自然の力などを)利用する
1718. contaminate	(...を)汚染する
1719. erupt	（火山が）噴火する
1720. evaporate	蒸発する
1721. fertile	肥沃な
1722. roar	ほえる
1723. inhabit	(...に)生息している
1724. nurture	(...を)育てる
1725. owl	フクロウ
1726. instinct	本能
1727. prey	餌食
1728. timber	材木
1729. fabric	布地
1730. textile	織物
1731. weave	(...を)織る
1732. competent	有能な
1733. optimistic	楽観的な
1734. patriotic	愛国的な
1735. naughty	いたずらな
1736. vigorous	（人、活動が）精力的な
1737. solitary	（人が）孤高の
1738. vulgar	（人、行動が）品がない
1739. skeptical	懐疑的な
1740. haunt	（亡霊、考えなどが...に)つきまとう
1741. obsessed with (by)	(...に)取りつかれて
1742. intent on	(...に)没頭した
1743. indulge in	(...に)ふける
1744. cling to ...	(...に)固執する
1745. flaw	欠陥(問題箇所)
1746. defect	(重大な)欠陥
1747. trait	特性
1748. analogy	類似点
1749. parallel	類似(匹敵, 平行)
1750. crucial	重大な
1751. primary	主な
1752. integral	(完全体を成すのに)不可欠な
1753. vital	(命に)不可欠な
1754. profound	深い
1755. grim	（状況などが）厳しい
1756. fierce	（競争、嵐などが）激しい
1757. harsh	厳しい
1758. savage	（とても）容赦ない
1759. acute	深刻な
1760. ambiguous	あいまいな
1761. obscure	ぼやけた
1762. misleading	誤解を招く
1763. straightforward	（方法などが）わかりやすい
1764. explicit	（発言や文章などが）明確な
1765. sophisticated	（機械、システムが）高度な
1766. ingenious	独創的な
1767. decent	まともな
1768. thrive	（会社などが）好調である
1769. wit	機知
1770. affluent	裕福な
1771. elaborate	手の込んだ
1772. prompt	迅速な
1773. swift	素早い
1774. mighty	強力な
1775. renowned	有名な
1776. dim	薄暗い
1777. gloomy	薄暗い
1778. barren	不毛な
1779. idle	（仕事がなく）何もしていない
1780. tiresome	退屈な
1781. static	静的な
1782. clumsy	不器用な
1783. ignorant	無知の
1784. reckless	無謀な
1785. arbitrary	独断的な
1786. foul	（味、臭いなどが）不快な
1787. shabby	みすぼらしい
1788. monotonous	単調な
1789. crude	粗末な
1790. fragile	壊れやすい
1791. vulnerable	傷つきやすい
1792. rust	さび
1793. plight	窮状
1794. conventional	従来の
1795. innate	（才能などが）先天的な
1796. exotic	（動植物が）外来の
1797. tame	飼いならされた
1798. solemn	（場所、祝祭が）厳粛な
1799. manifest	明らかな
1800. dense	密集した
1801. superficial	表面的な
1802. transparent	透明な
1803. consistent with	(...と)矛盾のない
1804. coherent	一貫している
1805. universal	普遍的な
1806. upright	直立して
1807. underlying	根底にある
1808. spontaneous	自然発生的な
1809. mock	模擬の
1810. liable to do	しがちだ
1811. converse	正反対
1812. preliminary	予備的な
1813. version	（個人的な）解釈
1814. indigenous	（動植物、民族が）固有の
1815. decline	減る
1816. multiply	...を増やす
1817. soar	（価格、温度が）急上昇する
1818. accumulate	...を蓄積する
1819. exceed	...を越える
1820. abundant	豊富な
1821. ample	豊富な
1822. gross	総計の
1823. infinite	無限の
1824. sole	唯一の
1825. heap	山
1826. fraction	少量
1827. simultaneous	同時の
1828. medieval	中世の
1829. decade	10年
1830. dawn	夜明け
1831. span	（継続した）期間
1832. expire	期限が切れる
1833. postpone	...を延期する
1834. equip	...を装備させる
1835. transmit	...を送る
1836. endow	...を授ける
1837. inherit	...を受け継ぐ
1838. retrieve	...を回収する
1839. displace	...に取って代わる
1840. bond	きずな
1841. ornament	（小さな）飾り
1842. certificate	証明書
1843. accommodation	宿泊施設
1844. intersection	交差点
1845. pavement	歩道
1846. pedestrian	歩行者
1847. excursion	小旅行
1848. itinerary	旅程
1849. as a token of ...	...のしるしとして
1850. detergent	洗剤
1851. purchase	...を購入する
1852. dwell	住む
1853. juvenile	青少年の
1854. adolescent	思春期の若者
1855. initial	最初の
1856. precede	...に先行する
1857. phase	段階
1858. priority	優先（事項）
1859. premise	前提
1860. legend	伝説
1861. masterpiece	傑作
1862. ritual	（宗教的）儀式
1863. worship	崇拝
1864. advent	到来
1865. swear	誓う
1866. confess to ...	...を白状する
1867. verbal	言葉による
1868. oral	口述の
1869. eloquent	雄弁な
1870. linguistic	言語の
1871. plot	（小説、演劇などの）筋
1872. draft	下書き
1873. statement	述べたこと
1874. paradox	逆説
1875. slang	俗語
1876. riddle	なぞなぞ
1877. clarify	...を明らかにする
1878. exhibit	...を展示する
1879. portray	...を描く
1880. attribute A to B	AをBのせいだとする
1881. console	...を慰める
1882. arouse	...を呼び起こす
1883. distract	（注意、意識など）をそらす
1884. plead with ...	...に懇願する
1885. yearn	切望する
1886. long for ...	...を切望する
1887. adore	...を熱愛している
1888. utter	（叫び声など）を発する
1889. exclaim	（驚き、怒りなどで）叫ぶ
1890. lament	...を深く悲しむ
1891. shed	（涙など）を流す
1892. resent	...に憤慨する
1893. dread	...を恐れる
1894. startle	...を驚かせる
1895. thrill	...をぞくぞくさせる
1896. humiliate	...に恥をかかせる
1897. blush	赤面する
1898. frown on ...	...に眉をひそめる
1899. dismay	...を狼狽させる
1900. bewilder	...を当惑させる
1901. perplex	...を困惑させる
1902. disgust	...に嫌悪を抱かせる
1903. despise	...を軽蔑する
1904. furious	激怒した
1905. intimate	親密な
1906. intriguing	興味深い
1907. conscience	良心
1908. self-esteem	自尊心
1909. mercy	慈悲
1910. aspiration	熱望
1911. grief	（人の死などに対する）深い悲しみ
1912. distress	苦しみ
1913. apprehension	不安
1914. melancholy	憂うつ
1915. contempt	軽蔑
1916. insult	侮辱
1917. nuisance	迷惑
1918. menace to ...	...にとって厄介なもの
1919. verge	瀬戸際
1920. incentive	励み
1921. outcome	結果
1922. thorough	完全な
1923. adequate	十分な
1924. overall	全体的な
1925. ultimate	究極の
1926. genuine	（感情が）心からの
1927. radical	根本的な
1928. drastic	抜本的な
1929. trivial	ささいな
1930. virtually	事実上
1931. abruptly	不意に
1932. deliberately	故意に
1933. hence	だから
1934. namely	すなわち
1935. whereas	...だが一方