believe	〜を信じる
consider	よく考える、みなす
expect	予期する、期待する
decide	決める
allow	を許す
remember	～を覚えている
worry	心配する
concern	に関係する；を心配させる
suggest	を提案する
explain	～を説明する
describe	の特徴を述べる；を（...と）言う（as）
improve	を改善する
produce	を生産する
create	を創造する
provide	を供給する
increase	増える；～を増やす
grow	成長する
develop	を開発する、を発達させる、発達する
rise	上がる
raise	～を上げる
follow	の次に続く
require	を要求する；を必要とする
fill	～を満たす
support	～を支持する
share	を共同で使う；を分配する
face	直面する
touch	を感動させる: に触れる
store	を蓄える
pay	(を)支払う
deal	(wirhを伴って)〜に対処する
save	を節約する
happen	起こる、たまたま～する
occur	起こる
work	機能する;働く
change	を変える、変わる
run	を経営する;走る
turn	の向きを変える
return	戻る;帰る
stand	我慢する
lie	横たわる;嘘をつく
brain	脳
mind	心
language	言語
thought	考え
knowledge	知識
skill	技能、技術
technology	科学技術
culture	文化
experience	経験;経験する
result	結果
reason	理由
cause	原因
effect	影響、効果
matter	問題
sense	感覚
way	道, 方法
term	期間、学期、専門用語
situation	状況
condition	状態、状況
position	位置;場所;立場
environment	環境
nature	自然
research	研究、調査
view	意見
rule	規則、支配
interest	興味
value	価値
sound	音
form	形状;用紙
case	場合、事例、事件
role	役割
age	年齢、時代
care	世話
risk	危険
human	人間の
free	自由な
sure	確信して
certain	確信して；ある程度の
main	主要な
major	主要な; 大きい
minor	重要でない
clear	明らかな
likely	ありそうな
possible	可能な；あり得る
similar	似ている
close (形容詞)	近い
common	共通の
general	一般的な
ordinary	普通の
specific	明確な、特定の
particular	特別の；好みがうるさい
individual	個々の
unique	特有の、唯一の
rare	珍しい、まれな
therefore	したがって，それゆえに
thus	したがって
moreover	さらに、そのうえ
furthermore	そのうえ
besides	そのうえ
nonetheless	それにもかかわらず
notice	に気づく
note	に注意する
discover	を発見する
realize	を理解する
recognize	をそれとわかる
encourage	を励ます
force	に無理やり～させる
order	を注文する
affect	に影響する
offer	を提供する
demand	を要求する
argue	と主張する
claim	を主張する
object	反対する
challenge	に異議を唱える、に挑戦する
involve	を巻き込む
include	を含む
contain	を含む
relate	関連づける
connect	をつなぐ
refer	言及する
contact	と連絡を取る
compare	を比べる
measure	を測る
mark	をつける
approach	近づく
reach	に到着する
achieve	を達成する
receive	を受け取る
complete	を完成させる
lead	を導く
win	勝つ
lose	を失う、で負ける
fail	失敗する
miss	に乗り遅れる
lack	に欠けている、が不足している
reduce	を減らす
avoid	を避ける
limit	を制限する
prevent	を妨げる
wear	を身に着けている、をすり減らす
bear	を我慢する、を抱く、を産む
focus	集中させる
author	著者
professor	教授
sentence	文、刑、判決
passage	一節
message	伝言
statement	陳述
topic	論題
article	記事、条項
issue	問題、発行、号
theory	理論
evidence	証拠
experiment	実験
subject	主題、科目、被験者
government	政府、政治
policy	政策、方針
education	教育
company	会社、仲間
colleague	同僚
industry	産業
trade	貿易
economy	経済
customer	顧客
benefit	利益
figure	図、数字、姿
rate	比率
chance	見込み
opportunity	機会
project	事業、計画
practice	練習、習慣
effort	努力
quality	質
quantity	量
amount	金額、量
scientific	科学の
political	政治の
social	社会の
official	公式の
financial	財政の
expensive	高価な
various	さまざまな
normal	普通の
familiar	よく知っている
appropriate	適切な
necessary	必要な
correct	正しい
available	利用できる、入手できる
typical	典型的な
positive	積極的な
negative	消極的な
passive	受動的な、消極的な
physical	身体の
mental	精神の
rather	むしろ
instead	その代わりに
otherwise	そうでなければ
somehow	どうにかして、どういうわけか
somewhat	いくぶん
wonder	と思う
suppose	と思う・もし～ならば
imagine	を想像する
regard	を見なす
wish	と思う・願う
determine	を決定する
express	を表現する
represent	を象徴する
identify	を特定する
mention	に言及する
solve	を解決する
prove	を証明する
communication	意思を通じ合う
respect	を尊敬する
prefer	のほうを好む
design	を設計する
establish	を設立する(e)
found	を設立する（f)
publish	を出版する
serve	...の役に立つ，...に仕える
supply	を供給する
apply	申し込む・を適用する
treat	を扱う・治療する
search	を探す・探索する
prepare	を準備する
protect	を保護する
pick	を選び取る；を摘む
fit	にぴったり合う
gain	を手に入れる
enter	に入る
spread	広がる
advance	前進する
tend	傾向がある
depend	依存する
exist	存在する
decline	減る・衰える
decrease	減る
waste	浪費する
damage	に損害を与える
suffer	苦しむ
act	行動する
perform	を行う
species	種（しゅ）
variety	多様性
degree	程度；度；学位；等級
range	範囲
standard	水準、基準、標準
medium	（伝達などの）媒体；手段；中間
advantage	有利な点
task	仕事、任務、課題
rest	残り
purpose	目的
feature	特徴
factor	要因、要素
shape	形,体調
image	イメージ、印象
detail	詳細
character	性格、特質
function	機能
structure	構造、建造物
ground	地上、根拠
influence	影響（力）
disease	病気
pain	苦痛；苦悩；（～s）骨折り
medicine	薬、医学
death	死
fear	恐怖
memory	記憶、思い出
emotion	感情
movement	運動、動き
region	地域、地方
climate	気候
temperature	温度、体温
community	地域社会
population	人口
generation	世代
present	現在の、出席している
recent	最近の
current	現在の
ancient	古代の
previous	前の
serious	深刻、真剣な、まじめな
careful	注意深い
responsible	責任がある
active	活動的な
afraid	恐れて
aware	気づいて
patient	我慢強い
whole	全体の
low	低い
huge	巨大な
blank	空白の
central	中心的な
safe	安全な
wild	野生の
eventually	結局は
unfortunately	残念ながら
seemingly	見たところ
afterward	後で
altogether	完全に
assume	当然...だと思う
guess	...だと思う、を推測する
associate	から連想する
desire	を強く望む
indicate	を示す
respond	応答する
reply	返事を出す
attempt	を試みる
manage	をなんとかやり遂げる
maintain	を維持する
unite	結合する
join	に加わる、をつなぐ
attract	を引きつける
match	調和する、に匹敵する
attack	を襲う，攻撃する
seek	を探し求める
engage	従事する
succeed	成功する、継承する
marry	と結婚する
attend	に出席する
satisfy	を満足させる
survive	生き残る
promote	を促進する
earn	を稼ぐ
feed	に食べ物を与える
taste	～の味がする
smell	～のにおいがする
adapt	順応する、を適合させる
adopt	を採用する；を養子にする
adjust	を調節する、順応する
separate	を分離する
exchange	～を交換する
replace	を取り替える、に取って代わる
remove	を取り去る
release	を放出する、を解放する
disappear	姿を消す
observe	を観察する
estimate	と推定する、を見積もる
reveal	を明らかにする
emerge	現れる、明らかになる
arise	生じる
citizen	国民、市民
career	経歴、職業
income	収入
billion	10億
bill	請求書、紙幣、法案
charge	料金、充電
item	品目、項目
scale	規模、尺度
site	場所、用地、遺跡
section	部分、部門
crop	作物、収穫
diet	食事、ダイエット、国会
source	源
resource	資源、資金
moment	瞬間、時点
decade	10年間
stage	段階、舞台
aspect	側面、観点
sort	種類
instance	例、場合
link	関連、つながり
contrast	対照、差異
access	利用、入手、接近
device	装置
survey	調査
technique	技術、技巧
content	中身、内容、目次
surface	表面、外見
concept	概念、考え
difficulty	困難、苦労
trouble	困難、悩み、故障
crime	犯罪
attitude	態度、考え方
habit	習慣、癖
whatever	たとえ何を...しても、...するものは何でも
urban	都市の
rural	田園の、田舎の
local	その土地の、地元の
native	生まれた土地の
smart	頭のよい、洗練された
intelligent	知能の高い、聡明な
intellectual	知的な、知性がある
potential	潜在的な
moral	道徳の、道徳的な
private	個人的な
equal	等しい、平等な
fair	公正な
entire	全体の
initial	初期の、語頭の
essential	必要不可欠な、本質的な
significant	重要な、意義深い
terrible	ひどい、恐ろしい
digital	デジタルの
direct	直接の
nearly	もう少しで、ほとんど
merely	単に
seldom	めったに...ない
lately	最近
apart	離れて、別々に
trust	を信頼する
promise	を約束する
predict	を予測する、を予言する
reflect	を反映する、を反射する
recall	を思い出す
rely	頼る
commit	（罪・過失など）を犯す
appreciate	をありがたく思う
praise	を褒める
doubt	を疑わしいと思う、ではないと思う
complain	不平を言う
ignore	を無視する
warn	に警告する
gather	を集める
acquire	を身に付ける、を得る
examine	を調べる
score	をとる、を採点する
judge	を判断する、を審査する
select	を選び出す
divide	を分ける
distinguish	を区別する
graduate	卒業する
shift	を変える、を移動させる、変わる
hide	を隠す
mix	を混ぜる
fix	を修理する
display	を示す、を展示する
define	を定義する
invent	を発明する
vary	異なる、多様である
expand	を拡大する
evolve	進化する、発展する
confuse	を混同する、を困惑させる
consume	を消費する、を飲食する
compete	競う
repeat	を繰り返す
repair	を修理する
remind	に思い出させる
refuse	を拒む、を断る
reject	を拒絶する
deny	を否定する
destroy	を破壊する
audience	観衆、聴衆、観客
race	民族、人種、競走
conflict	争い、衝突
debate	論争
struggle	懸命の努力、奮闘
strategy	戦略
progress	進歩、進行
principle	原則、原理、主義
element	要素
origin	起源
birth	出産、誕生
ancestor	祖先
cell	細胞
gene	遺伝子
scene	場面、場所、風景
trend	傾向、流行
traffic	交通（量）
track	跡、走路、線路
series	連続、続き物
context	状況、文脈
background	背景、経歴
basis	基準、基礎
status	地位、身分、社会的評価、状況
volunteer	ボランティア、志願者
staff	スタッフ、職員
duty	義務、職務、関税
labor	労働、骨折り
reward	褒美、報酬、報奨金
aim	目的、ねらい
fun	楽しみ、おもしろいこと
crowd	群衆、観衆
revolution	革命、回転
poverty	貧困
consequence	結果
sequence	連続、順番、一続き
complex	複雑な
complicated	複雑な
false	誤った、うその、偽の
alternative	代替の、どちらか1つの
extreme	極端な
ideal	理想的な
primary	最も重要な、最初の、初等の
worth	価値のある
obvious	明らかな
legal	法律の、合法的な
commercial	商業的な、営利的な
artificial	人工の
chemical	化学の
biological	生物の
former	元の、前者の
mobile	可動式の、動き回れる
straight	真っすぐな、直立した、率直な
regular	定期的な、規則正しい、通常の、正規の
independent	自立した、独立した
overseas	海外へ
unlike	～と違っ
via	～の媒介で、～経由で
whereas	...だけれども、その一方で
perceive	を知覚する、がわかる
fascinate	を魅了する
bore	を退屈させる
disappoint	を失望させる
imply	それとなく言う、を暗に示す
recommend	を勧める
demonstrate	を証明する、を実演する
conclude	と結論づける、を締めくくる
announce	を発表する
appeal	心に訴える
address	に取り組む、に演説をする
advertise	を宣伝する
invite	を招待する
afford	を持つ余裕がある
purchase	を購入する
participate	参加する
belong	所属している
conduct	を行う、を導く、案内する
behave	振る舞う、行儀よくする
operate	を操作する、手術を行う、作動する
organize	を主催する、準備する、を組織する
host	を主催する、の主人役を務める
combine	を組み合わせる
deliver	配達する、を述べる
locate	を置く、を突き止める
encounter	に出会う、に直面する
surround	を囲む
explore	を探検する、を調査する
stick	くっつく、固執する
strike	に当たる、印象を与える、の心に浮かぶ
hurt	を痛める、傷つける
bite	にかみつく
tear	を引き裂く
aid	を援助する
press	を押す、強要する
burn	を燃やす、燃える
flow	流れる
preserve	を保存する、を保護する
borrow	を借りる
steal	を盗む
escape	逃れる、脱出する、を免れる
neighbor	隣人、近所の人
household	世帯、家族
resident	居住者、住人
vehicle	車、乗り物
wheel	ハンドル、車輪、歯車
delay	遅れ
fuel	燃料
pollution	汚染
atmosphere	雰囲気、大気
electricity	電気
cancer	癌
plague	疫病、厄介なもの
threat	恐れ、予兆、脅し
flood	洪水、殺到
earthquake	地震
disaster	災害、災難
crisis	危機
victim	被害者、犠牲者
wealth	富、財産
fund	資金、基金
capital	資本、首都、大文字（
profit	収益、利益
talent	才能、才能のある人
capacity	能力、収容力
scholar	学者、奨学生
tradition	伝統、伝承
literature	文学、文献
lecture	講義、講演
manner	方法、行儀、作法、振舞い
symbol	象徴、記号
analysis	分析
version	...版、解釈
perspective	観点、見通し
vision	展望、見通す力、視力
sight	見えること、光景、視力
insight	洞察
bilingual	バイリンガルの，2言語を話す
capable	能力がある、有能な
willing	をいとわない
eager	熱望して、熱心な
amazing	驚くほどの
calm	冷静な、穏やかな
quiet	静かな
senior	高齢者の、上級の、年上の
elderly	年配の
firm	確固とした、堅い
severe	ひどい、厳しい、深刻な
tough	困難な、頑丈な、厳しい
rapid	急速な
immediate	即座の、直接の
vast	広大な、膨大な、莫大な
enormous	巨大な、莫大な
broad	広範囲な、広い
narrow	狭い
tiny	とても小さな
efficient	効率のよい、有能な
constant	絶え間ない、不変の
nearby	すぐ近くの
distant	遠い、よそよそしい
insist	断固要求する、強く主張する
intend	を意図する、つもりでいる
inspire	を奮起させる
emphasize	を強調する、力説する
propose	を提案する、結婚を申し込む
persuade	を説得する
convince	に納得させる、に確信させる
admit	を認める
favor	に賛成する、を好む
excuse	を大目に見る、の言い訳をする、を免除する
interpret	を解釈する、を通訳する
translate	を翻訳する
concentrate	精神を集中する、集中させる
criticize	を非難する
blame	を責める
oppose	に反対する
inform	に知らせる
grant	（人）に（物）を与える、と仮定する
obtain	を得る
transform	を変える
alter	を変える、変わる
arrange	を並べる、手はずを整える、取り決める
interact	相互に作用する、交流する
handle	を処理する、を扱う
extend	を延長する、を広げる、伸びる
settle	定住する、を決める、を解決する
contribute	貢献する、を寄付する
construct	を建設する、を組み立てる
consist	から成る
suit	に似合う、に都合がよい、を適合させる
tie	を結び付ける
differ	異なる
hate	をひどく嫌う、憎む
dislike	を嫌う
disagree	意見が合わない
regret	を後悔する
employ	を雇用する、を用いる
hire	を雇う
absorb	を夢中にさせる、を吸収する
expose	をさらす、をあばく
breathe	呼吸する、を吸う
root	起源、ルーツ、根源、根
immigration	移住
tribe	部族
landscape	風景
agriculture	農業
soil	土壌、土
mine	鉱山、地雷
mass	大衆、大多数、かたまり
quarter	4分の1、15分、【米】 25セント
era	時代
circumstance	状況、事情
phenomenon	現象
custom	慣習、関税、税関
religion	宗教
civilization	文明
universe	宇宙、全世界
diversity	多様性、差異
trait	特性、特徴
review	批評、再検討、復習
occasion	場合、時、機会、行事
campaign	運動、活動
board	委員会，重役会、板、盤
facility	施設、才能
court	法廷、裁判所、コート
trial	裁判、試験
laboratory	研究室、実験室
instrument	道具、機器、楽器
instruction	指示、教えること
document	書類、記録
target	目標、標的
outcome	結果
muscle	筋肉、威力
wage	賃金
gender	性
confidence	自信、信頼
credit	信用、名誉、信用貸し
conscious	意識して、自覚して
anxious	心配して、切望して
asleep	眠って
alive	生きている
alike	似ている
excellent	秀でている、すばらしい
odd	奇妙な、奇数の
sensitive	敏感な
sensible	賢明な、分別のある
violent	暴力的な、激しい
military	軍の、軍事の
nuclear	原子力の、核の
contemporary	現代の、同時代の
elementary	初等の、初歩の、基本の
annual	年1回の、1年間の
chief	第1の、主要な
actual	実際の
virtual	仮想の、事実上の
numerous	多数の
multiple	多くの、さまざまな
widespread	広範囲にわたる
sufficient	十分な
empty	空の、空いている
confirm	を裏付ける、確認する
illustrate	を説明する、を例証する
spell	をつづる
bother	を困らせる、わざわざ...する
annoy	をいらいらさせる、悩ます
disturb	を邪魔する、を乱す
discourage	に思いとどまらせる、を落胆させる
embarrass	を当惑させる、に恥ずかしい思いをさせる
frighten	を怖がらせる
puzzle	を当惑させる
upset	を動揺させる、をひっくり返す
stimulate	を刺激する、を激励する
beat	を打ち負かす、打つ、を殴る
blow	吹く、を吹き飛ばす
injure	を傷つける
cure	を治す
recover	回復する、を取り戻す
overcome	を克服する、に打ち勝つ
quit	をやめる
transfer	を移す、移る、乗り換える
transport	を輸送する
export	を輸出する
import	を輸入する
invest	投資する
investigate	を調査する、を捜査する
manufacture	を製造する
react	反応する
award	を授与する
ban	を禁止する
prohibit	を禁止する
forbid	を禁じる
abandon	を捨てる、を断念する
freeze	凍る、を凍らせる
lift	を持ち上げる
hang	を掛ける、ぶら下がる
shake	を振る、を動揺させる、揺れる
stretch	を伸ばす、広げる、伸びる
lay	を置く、敷く、を産む
stare	じっと見つめる
gaze	見つめる
capture	を捕らえる
breed	を繁殖させる、飼育する、子を産む
mammal	哺乳類，哺乳動物
ape	類人猿
insect	昆虫
infant	乳児、幼児
organ	臓器
web	ウェブ、クモの巣
fossil	化石
battle	戦闘、争い
enemy	敵
weapon	兵器、武器
arm	腕、武器、兵器
army	陸軍、軍隊
navy	海軍
border	境界線、国境
barrier	障壁
philosophy	哲学、人生観
psychology	心理学、心理
alarm	警報機、目覚まし時計
harm	害
depression	うつ病、憂うつ、不景気
disadvantage	不利、不利益
shortage	不足
stock	在庫品、株式、蓄え
loan	ローン、貸付金
budget	予算、経費
innovation	革新
union	組合、連合
unit	単位、構成部分
material	材料、原料、資料、生地
substance	物質、実質
stuff	持ち物、材料、物
proportion	割合、均衡
edge	へり、刃
code	規範、暗号、コード
mystery	なぞ、神秘、推理小説
curious	好奇心の強い、奇妙な
strict	厳しい、厳格な
frank	率直な
polite	丁寧な、礼儀正しい
aggressive	攻撃的な、積極的な
accurate	正確な
exact	正確な
proper	適切な
brief	短時間の、簡潔な
extraordinary	並はずれた、異常な
flexible	柔軟な、曲げやすい
pleasant	快い、楽しい、感じのよい
comfortable	心地よい、快適な、心地よく感じる
stable	安定した
thick	分厚い、濃い
thin	やせた、細い、薄い
abstract	抽象的な
concrete	具体的な、コンクリート製の
absolute	絶対的な、まったくの
prime	最も重要な、第1の
vital	極めて重要な、生命の
contrary	相反する
regardless	気にかけない
permit	を許可する
suspect	ではないかと思う
pursue	を追求する、に従事する、を追跡する
pretend	ふりをする
calculate	を計算する
guarantee	を保証する、確約する
acknowledge	を認める、に礼を言う
impress	を感動させる
urge	を熱心に勧める、を強く促す
convey	を伝達する、を運ぶ
celebrate	を祝う
admire	に感嘆する、を称賛する
devote	を充てる
dominate	を支配する、統治する
eliminate	を取り除く
restrict	を制限する
isolate	を切り離す、を孤立させる
endanger	を危険にさらす
secure	を確保する、を守る
reserve	を予約する、をとっておく
possess	を持っている、を所有している
launch	を始める、を発射する
detect	を見つける、検出する
reverse	を逆転させる、転換する
convert	を変える、を転向させる
hurry	急ぐ、をせき立てる
rush	急いで行く
roll	転がる、を転がす
crash	衝突する、墜落する、破綻する
bury	を埋める、を埋葬する
dig	を掘る
attach	を付ける、を添付する
melt	溶ける、を溶かす
accompany	と一緒に行く、に伴って起こる、の伴奏をする
assist	を手伝う、援助する
cope	対処する
lend	（人）に（物）を貸す
rent	を賃借りする、を賃貸しする
owe	（人）に（金など）を借りている
apologize	謝る
forgive	を許す
tongue	言語、舌、言葉遣い
dialect	方言
accent	なまり、方言、アクセント
colony	植民地、集団
grain	穀物、粒
harvest	収穫
ingredient	材料、要素
portion	部分、1人前、分け前
hunger	飢え、渇望
obesity	肥満
burden	負担、重荷
emergency	緊急事態
debt	借金、恩義
contract	契約、契約書
client	得意客、依頼人
therapy	療法、治療
physician	内科医、医師
democracy	民主主義、民主政治
election	選挙
vote	投票、選挙権
candidate	候補者、志願者
minister	大臣、聖職者
conference	会議、会合
ceremony	式典、儀式
institution	機関、制度
corporation	企業
cooperation	協力、協同
authority	当局、権威、権限
theme	主題、テーマ
notion	考え、概念
hypothesis	仮説
discipline	規律、しつけ、訓練、一分野
route	道、方法
routine	日課、決まりきった仕事
destination	目的地
domestic	国内の、家庭内の
ethnic	民族の、人種の
alien	異質の、外国の
visible	目に見える、目立った
verbal	言葉による
fundamental	基本の
conventional	従来の、ありきたりの
relevant	関係のある、適切な、妥当な
rational	合理的な、理性のある
precise	正確な、緻密な
principal	主要な、第1位の
crucial	重大な
permanent	永続的な、永久の、常任の
intense	激しい、強烈な
equivalent	相当する、同等の
frequent	頻繁な
sudden	急な
temporary	臨時の、一時的な
internal	内部の、国内の
external	外部の、国外の
distinct	まったく異なる、はっきりした
extinct	絶滅した、消えた
exhausted	疲れ果てた、使い尽くされた
evil	邪悪な
greet	に挨拶する
chat	おしゃべりをする
remark	と述べる、言う、に気づく
utter	を発する
command	を命ずる、を見渡せる
declare	を宣言する、を断言する、を申告する
pronounce	を発音する、を明言する、宣言する
correspond	一致する、連絡を取り合う
imitate	をまねる、を手本とする
resemble	に似ている
exhibit	を展示する、を示す、展示品、展覧会
distribute	を分配する、を配達する
attribute A to B	AをBのせいと考える
evaluate	を評価する
assess	を評価する、を査定する
deserve	に値する
weigh	の重さがある、の重さを量る
strengthen	を強くする、強くなる
weaken	を弱める
approve	賛成する、を承認する
assign	を割り当てる、配属する
sustain	を持続させる、を支える
accomplish	を成し遂げる
relieve	を和らげる、を減らす
frustrate	に不満を抱かせる、を挫折させる
scare	を怖がらせる
resist	を我慢する、に抵抗する
protest	抗議する
shut	を閉める、閉まる
defeat	を負かす
neglect	を怠る、を無視する
retire	引退する、引き下がる
reform	を改革する、改善する
collapse	崩壊する、倒れる、破綻する
ruin	を台無しにする、を破滅させる
sink	沈む、を沈める
pile	を積み重ねる、積み重なる
derive	を得る、引き出す、由来する
yield	を産出する、を生む、屈する
occupy	を占める、を占領する
wrap	を包む
embrace	を抱き締める、を受け入れる、を含む
length	長さ
height	高度、身長、高さ
volume	量、体積、容積、音量、巻
sum	金額、合計、要点
frame	額縁、枠、骨組み
boundary	境界、限界
district	地区、地域、地方
territory	領土、縄張り
square	正方形、広場、平方、2乗
empire	帝国
heritage	遺産
fee	料金、謝礼、授業料
discount	割引
charity	慈善事業、慈善行為
mission	使命、任務、使節団
profession	職業
slave	奴隷
witness	目撃者、証人、証言
incident	出来事、事件
insurance	保険、保険料
welfare	福祉、幸福、生活保護
treasure	宝物、大切なもの
leisure	余暇
priority	優先事項、優先
reputation	評判、名声
honor	光栄、名誉、敬意
statue	像、彫像
architecture	建築、構造
logic	論理、論理学
mechanism	仕組み、機械装置
clue	手がかり
means	手段
trap	わな
trick	策略、いたずら、秘訣、芸当
guard	警戒、護衛者
innocent	無罪の、無邪気な
guilty	罪悪感のある、有罪の
rude	無礼な、粗雑な
shy	内気な、恥ずかしがりの
liberal	寛大な、自由主義の、気前のよい
stupid	愚かな、ばかげた
reluctant	気が進まない
generous	気前のよい、寛大な、豊富な
modest	控えめな
lonely	寂しい
pure	純粋な、まったくの
grand	豪華な、雄大な、すばらしい
adequate	十分な
apparent	明らかな、見たところ～らしい
classic	最高水準の、典型的な
remote	遠く離れた
solid	固体の、しっかりした、中身のある
raw	生の、加工していない
plain	平易な、明白な、質素な
primitive	原始の、初期段階の
steady	着実な、一定した、安定した
slight	わずかな、少しの
subtle	微妙な、繊細な
delight	を大喜びさせる
entertain	を楽しませる、をもてなす、を心に抱く
fulfill	を満たす、を果たす
cheer	を元気づける、歓声をあげる
amuse	を笑わせる、を楽しませる
anticipate	を予期する、を楽しみに待つ
confront	に立ちはだかる、に立ち向かう
undergo	を経験する、を受ける
exceed	を超える、上回る
overwhelm	をまいらせる、を圧倒する
shoot	を撃つ、を発射する、を撮影する、をシュートする
murder	を殺害する
rob	から奪う、を襲う
deprive	から奪う
rid	から取り除く
interrupt	をさえぎる、を中断させる
interfere	邪魔をする、干渉する
bully	をいじめる
defend	を守る
rescue	を救う
accuse	を非難する、を告訴する
sue	を訴える
wander	ぶらつく、歩き回る
chase	を追いかける
arrest	を逮捕する
submit	を提出する、服従する、屈する
punish	を罰する
resolve	を解決する、を決意する
justify	を正当化する
restore	を戻す、修復する
modify	を修正する
impose	を押しつける、を課す
compose	を構成する、を創作する
classify	を分類する
substitute	を代わりに使う
shrink	縮む、縮小する、を減らす
lean	寄りかかる、傾く、を傾ける
fold	を折り畳む、を組む
load	を積む
pour	を注ぐ、流れ出る、激しく降る
float	浮かぶ、を浮かべる
shine	輝く、を磨いて光らせる
editor	編集者
poetry	詩
usage	使い方、使用
sector	部門、分野、地域
span	期間、全長
literacy	読み書き能力、知識
symptom	症状、兆候
phase	段階、面
surgery	手術、外科
virus	ウイルス
poison	毒、有害なもの
protein	タンパク質
liquid	液体
oxygen	酸素
globe	世界、地球儀、球体
pole	極、棒
valley	谷
conservation	保護、保存
channel	伝達経路、チャンネル、水路
glacier	氷河
pioneer	先駆者、開拓者
prospect	見込み、可能性、将来性
enthusiasm	熱狂、熱中、熱心
passion	情熱、熱中
fortune	財産、幸運
obstacle	障害
prejudice	偏見、先入観
justice	正義、公正、司法
opponent	相手、敵、反対者
sacrifice	犠牲、いけにえ
fault	責任、欠点
prison	刑務所
shelter	避難所、収容所、住まい
committee	委員会、委員
ritual	儀式、習慣的行為
mature	大人になった、熟した
moderate	適度な、並みの、穏やかな
neutral	中立の
optimistic	楽観的な
pessimistic	悲観的な
radical	根本的な、過激な
rough	粗い、大まかな、粗野な、荒っぽい
smooth	滑らかな、円滑な
fluent	流ちょうな、堪能な
casual	形式ばらない、打ち解けた
instant	即時の
incredible	信じられない
genuine	本物の
precious	貴重な
prominent	重要な、著名な、突き出ている
blind	目が見えない、気づかない
deaf	耳が聞こえない、聞こうとしない
harsh	厳しい；容赦ない（
prompt	迅速な、機敏な
inevitable	避けられない
marine	海洋の
tropical	熱帯の
Arctic	北極
forecast	を予報する、を予測する
speculate	思索する、推測する、投機する
bet	きっと...だと思う、賭ける
quote	引用する
consult	に意見を求める、を調べる、相談する
dispute	に異議を唱える、論争する
accumulate	を集める、蓄積する、たまる
grasp	をぎゅっとつかむ、を理解する
grip	をしっかり握る
seize	をつかむ、を素早く捕らえる
comprehend	を理解する
constitute	を構成する
reinforce	を強化する
resort	訴える
donate	を寄付する、を提供する
obey	に従う
dedicate	をささげる
transmit	を伝える、を送る
equip	に装備する
bind	を縛る、を結び付ける
pose	を投げかける、姿勢をとる
pause	休止する、合い間を置く
hesitate	ためらう、躊躇する
split	を分割する、を分裂させる、縦に割れる
bend	を曲げる、曲がる、を従わせる
tap	を軽くたたく、タップする、を活用する
boil	を沸かす、をゆでる、沸騰する
bow	おじぎをする
conceal	を隠す、を秘密にする
dispose	を処分する
cheat	をだます、カンニングをする
distract	をそらす
exclude	を締め出す、を除外する
astonish	を驚かせる
thrill	をわくわくさせる
leap	跳ぶ
postpone	を延期する
dismiss	を解雇する、を解散させる、を退ける
resign	辞める
withdraw	退く、を下ろす、を取りやめる、を撤回する
fade	消えていく、あせる
vanish	消え失せる、見えなくなる
continent	大陸
geography	地理、地理学
ecology	生態系、生態学、環境保護
inhabitant	住民、生息動物
suburb	郊外
furniture	家具
refrigerator	冷蔵庫
garbage	ごみ
trash	ごみ
litter	（公共の場での散らかった）ごみ
trace	名残、跡、わずかな量
row	（横の）列
core	核心、中心部、芯
orbit	軌道
galaxy	銀河、銀河系、華やかな集まり
myth	神話、通説
faith	信頼、信仰
wisdom	知恵、賢いこと
obligation	義務
privilege	特典、特権、栄誉
discrimination	差別、識別
ambition	願望、野望、野心
illusion	錯覚、幻想
instinct	本能
shame	残念なこと、恥、不名誉
humor	ユーモア
courage	勇気
sympathy	同情、共感
tragedy	悲惨な出来事、悲劇
fate	運命
destiny	運命
abuse	乱用、虐待
wound	傷、痛手
fever	熱、発熱、熱狂
infection	伝染病、伝染、感染
brave	勇敢な
brilliant	すばらしい、光り輝く、才能にあふれた
gentle	優しい、穏やかな
noble	高貴な、気高い
royal	王室の
sacred	神聖な
holy	神聖な、信心深い
decent	きちんとした、かなりの、上品な
grateful	感謝している
fond	好む
selfish	自分勝手な
awkward	厄介な、ぎこちない、気まずい
awful	ひどい、恐ろしい
ultimate	最終的な、究極の
dynamic	活動的な、精力的な
tremendous	とてつもない
abundant	豊富な、富む
dull	退屈な、鈍い
urgent	緊急の
spare	余分の、予備の
tight	きつい、しっかりした、詰まった、不足した
shallow	浅い、浅はかな
superficial	浅はかな、表面的な
whisper	ささやく
yell	叫ぶ
scream	叫び声を上げる
nod	うなずく、うとうとする
swallow	を飲み込む
yawn	あくびをする
cough	せきをする
hug	を抱き締める
sweep	掃除する、を押し流す、を一掃する
polish	を磨く
decorate	を装飾する
shed	を流す、を当てる
drag	を引きずる、を無理やり連れて行く
spoil	を台無しにする、を甘やかしてだめにする
burst	破裂する、急に始める
explode	爆発する
compromise	妥協する
exaggerate	を誇張する
exploit	を搾取する、を開発する
utilize	を利用する
irritate	をいらいらさせる
insult	を侮辱する
deceive	をだます
violate	に違反する、を侵害する
disgust	に嫌悪感を持たせる
endure	を我慢する、に耐える
tolerate	に耐える、を大目に見る
suspend	を一時的に中止する、をつるす
cease	をやめる、なくなる、終わる
appoint	を任命する、を指定する
undertake	を引き受ける、に着手する
overtake	に追いつく、を追い抜く、を襲う
proceed	移る、続行する、続けて
commute	通勤する、通学する
flourish	繁盛する、繁殖する
thrive	栄える、繁栄する、成長する
venture	思い切って、着手する、賭ける
accustom	を慣れさせる
rear	を育てる、を飼育する
inherit	を相続する、を受け継ぐ
blossom	開花する
esteem	を尊敬する
merchant	商人
fare	運賃
voyage	航海、宇宙旅行
crew	乗組員、乗務員
luggage	手荷物
horizon	水平線、地平線
lightning	稲光、稲妻
dawn	夜明け、始まり
astronomy	天文学
statistics	統計、統計学
dimension	局面、面、寸法、次元
faculty	才能、機能、学部
scheme	計画、陰謀
viewpoint	見地
output	生産、出力
outlook	見通し、眺め
tuition	授業料、個人指導
proverb	ことわざ
biography	伝記
narrative	話、物語
chapter	章
string	ひも、糸、一続き、一つなぎ
tag	札、値札
peasant	小作農
livestock	家畜
famine	飢饉
fatigue	疲労
motive	動機
sweat	汗
peer	同等の人、仲間
glance	ちらりと見ること、一見
glimpse	ちらりと見えること
luxury	ぜいたく品、ぜいたく
prosperity	繁栄
fame	名声
keen	熱中して、大好きで
inclined	...したいと思う傾向がある
competent	有能な、満足できる
superior	優れている
inferior	劣った
cruel	残酷な
indifferent	無関心な
ashamed	恥じて
bold	大胆な、勇敢な
ridiculous	ばかげた
ugly	醜い、不格好な、不愉快な
pale	青白い、淡い
male	男性の
manual	手による、手動、体を使う
mutual	相互の、共通の
delicate	取り扱いの難しい、繊細な
deliberate	故意の、慎重な
gradual	徐々の、緩やかな
loose	緩い、解き放たれた
bitter	つらい、苦い、痛烈な
mild	温暖な、穏やかな、軽い
dense	密集した、濃い
tense	張り詰めた、ぴんと張った
conceive	を抱く、思いつく、想像する
confess	を告白する、を認める
conform	従う、一致する
offend	を怒らせる、罪を犯す
envy	をうらやむ
boast	自慢する
dare	あえて～する、～する勇気がある
confine	を限定する、閉じ込められる
contradict	と矛盾する、を否定する
compensate	に補償する、埋め合わせる
coincide	同時に起こる、一致する
assure	に安心させる、に保証する
attain	を達成する、に到達する
inquire	を尋ねる
invade	を侵略する、侵害する
conquer	を征服する
persist	固執する、持続する
last	続く、長持ちする
surrender	を引き渡す、降伏する
betray	を裏切る、を漏らす
strain	をぴんと張る、を痛める、を最大限に働かせる
refrain	控える
scatter	をまき散らす
spill	をこぼす、こぼれる
prevail	普及する、勝る
starve	飢えに苦しむ、渇望する
digest	を消化する
disguise	を変装させる、を包み隠す
strip	から剥奪する、を取り去る
scratch	をかく、を引っかく
bathe	を入浴させる、を浸す
soak	を浸す、をずぶぬれにする
stir	をかき回す、呼び起こす
wind	曲がりくねる、を巻く
heal	を治す、癒やす
knit	を編む
sew	を縫いつける
dye	を染める
beg	を懇願する、請う
pray	祈る、懇願する
congratulate	に祝いの言葉を述べる
summit	頂上、首脳会談
mayor	市長
secretary	秘書、長官、大臣
council	議会、評議会
panel	委員会、討論者、羽目板、計器盤
jury	陪審
quarrel	口論
divorce	離婚
thief	泥棒
refuge	避難、避難所
mercy	情け、慈悲
caution	用心、注意、警告
pity	残念なこと、哀れみ
sorrow	悲しみ
grief	深い悲しみ、悲しみの原因
despair	絶望
suicide	自殺
ambulance	救急車
funeral	葬式
grave	墓
virtue	美徳、長所
legend	伝説
prestige	威信、名声
glory	栄光、全盛
dignity	尊厳、威厳
worship	崇拝、礼拝
criterion	基準
consent	承諾、同意
triumph	勝利、歓喜
circulation	血行、流通、発行部数
merit	優秀さ、長所、価値
appetite	食欲、欲求
nutrition	栄養摂取、栄養
decay	虫歯、衰退、荒廃、腐敗
atom	原子
boom	好況、急上昇
valid	正当な根拠のある、有効な
due	予定で、締め切りの
vacant	空いている
bare	裸の、露出した
naked	裸の、草木の生えない
obscure	わかりにくい、ぼんやりした
peculiar	特有の、風変わりな
tidy	整然とした
minute	微小な
vague	漠然とした
steep	急な、急激な
humid	湿気のある
earnest	真剣な、本気の
absurd	ばかげた
hostile	反感を持った、敵意のある
idle	使われていない、仕事がない、怠けた
jealous	嫉妬深い
loyal	忠実な
supreme	最高の、最大の
infinite	無限の
static	変化のない、静止状態の
thorough	徹底的な、完全な
immense	計り知れない、膨大な