1. create	[動] ～を創り出す ～を引き起こす
2. increase	[動] 増加する ～を増やす
3. improve	[動] ～を向上させる よくなる
4. mean	[動] ～を意味する ～するつもりである
5. own	[動] ～を所有している （事実、罪などを）認める
6. include	[動] ～を含む
7. consider	[動] ～をみなす ～について考える
8. allow	[動] ～を許す ～を与える、～を考慮に入れる
9. suggest	[動] ～を提案する ～を暗示する
10. produce	[動] ～を生産する ～を取り出す
11. decide	[動] ～を決める ～に決着をつける
12. offer	[動] ～を提供する、申し出る
13. require	[動] ～を要求する ～を必要とする
14. share	[動] ～を共有する ～を分担する
15. store	[動] ～を保存する ～を蓄える
16. tend	[動] 傾向がある ～を世話する
17. concern	[動] （受動態で）心配している ～に関係する、関連する
18. describe	[動] ～について述べる、～を説明する
19. involve	[動] ～を関与させる ～を伴う
20. reduce	[動] ～を減らす ～を変える
21. design	[動] ～を設計する ～を計画する
22. force	[動] ～に強いる ～を強要する
23. limit	[動] ～を制限、規制する
24. bear	[動] ～に耐える ～を負う、～を産む、～を抱く
25. affect	[動] ～に影響を及ぼす ～を感動させる
26. deal	[動] ～を処理する ～を商う、～を分配する
27. avoid	[動] ～を避ける
28. relate	[動] ～を関連付ける ～に関連する
29. realize	[動] ～に気付く ～を実現させる
30. encourage	[動] ～を奨励する ～を励ます
31. compare	[動] ～を比較する ～を～にたとえる
32. measure	[動] ～を測る ～を評価する
33. exist	[動] 存在する 生存する
34. mark	[動] ～にしるしをつける ～を示す、～に汚れをつける
35. challenge	[動] ～に異議を唱える ～に挑む
36. depend	[動] 頼る ～次第である
37. object	[動] 反対する ～と言って反対する
38. demand	[動] ～を要求する
39. found	[動] ～を設立する （理論などを）築く
40. complete	[動] ～を完成させる、仕上げる
41. idea	[名] 考え、思いつき 理解、見解、概念
42. accord	[名] 一致 合意、協定
43. company	[名] 会社 仲間、一座
44. interest	[名] 興味 利子、利害
45. research	[名] 研究、調査
46. cause	[名] 原因 理由、大義
47. reason	[名] 理由 理性、分別
48. effect	[名] 影響、効果 結果
49. influence	[名] 影響
50. situation	[名] 状況 立場
51. environment	[名] 環境
52. skill	[名] 技能 熟練
53. matter	[名] 事柄 問題、事態、困難、物質
54. view	[名] 見解 ものの見方、眺め
55. value	[名] 価値 価格、評価、価値観
56. species	[名] 生物の種（しゅ） 種類
57. thought	[名] 考え 思考
58. knowledge	[名] 知識 知っていること、認識
59. memory	[名] 記憶 思い出
60. practice	[名] 実践、実行 慣習、練習
61. benefit	[名] 利益、恩恵 給付金
62. theory	[名] 学説 理論、原理、推測
63. issue	[名] 問題 発行、発表
64. experiment	[名] 実験
65. article	[名] 記事 条項、品物
66. focus	[名] 焦点 関心の的
67. subject	[名] 話題 科目、主題、被験者
68. project	[名] 計画 事業、研究計画
69. quality	[名] 質 特質
70. role	[名] 役割 役
71. term	[名] 専門用語 条件、間柄、学期
72. statement	[名] 声明 主張、明細書
73. material	[名] 材料、素材 資料、生地
74. evidence	[名] 証拠
75. source	[名] 源、根源 でどころ、情報源
76. community	[名] 社会、～界 地域社会、地域住民
77. technology	[名] 科学技術 応用技術
78. culture	[名] 文化 教養、耕作、養殖、培養
79. appropriate	[形] 適切な
80. likely	[形] ありそうな
81. possible	[形] 可能な 可能性のある
82. individual	[形] 個々の 個人の
83. public	[形] 公の 公衆の、公開の
84. common	[形] 共通の 普通の、一般の
85. certain	[形] 確信して 確かな、ある、一定の
86. similar	[形] 似ている、類似した 同様の
87. recent	[形] 最近の
88. major	[形] 主要な、大きいほうの 長調の
89. patient	[形] 忍耐強い 勤勉な
90. particular	[形] 特定の 特別の、やかましい
91. physical	[形] 身体の 物質的な、物理学の
92. various	[形] さまざまな いくつかの
93. available	[形] 手に入る 利用できる、手が空いている
94. native	[形] 出生地の 原産の、生得の
95. political	[形] 政治の
96. due	[形] 予定された 期日で、しかるべき
97. blank	[形] 空白の 無表情の、がらんとした
98. ancient	[形] 古代の 昔からの
99. correct	[形] 正しい 適切な
100. despite	[前] ～にもかかわらず
101. notice	[動] ～にきづく
102. refer	[動] 言及する、関連する 参照する
103. approach	[動] ～に近づく ～に取り組む
104. wonder	[動] かなと思う 驚く
105. imagine	[動] 想像する 推測する
106. recognize	[動] ～を識別できる ～を認める
107. solve	[動] ～を解く、解明する 解決する
108. occur	[動] 起こる 心に浮かぶ、現れる
109. argue	[動] ～と主張する 議論する
110. claim	[動] ～と主張する ～を要求する
111. express	[動] ～を表す、述べる
112. draw	[動] ～を引き出す ～を引く、～を描く、近づく
113. waste	[動] ～を浪費する、無駄にする
114. advance	[動] ～を進歩させる ～を進める、進歩する、進む
115. spread	[動] ～を広める 広がる
116. prepare	[動] ～を準備する ～を調理する、準備をする
117. gain	[動] ～を獲得する 増す
118. achieve	[動] ～を達成する ～を成し遂げる
119. establish	[動] ～を確立する ～を設立する
120. supply	[動] ～を供給する
121. suppose	[動] ～と思う ～と仮定する
122. perform	[動] 行う 演じる、演奏する
123. prefer	[動] ～のほうを好む
124. determine	[動] ～を決定する ～を正確に知る
125. treat	[動] ～を扱う ～を治療する
126. prove	[動] ～を証明する 判明する、わかる
127. apply	[動] ～を適用する 申し込む、適用される
128. mention	[動] ～を言及する ～と言う
129. communicate	[動] 情報交換する ～を伝達する
130. contain	[動] ～を含む ～を収容する、感情などを抑える
131. contact	[動] ～と連絡を取る 接触する
132. regard	[動] ～を見なす ～を見る、～を評価する
133. respect	[動] ～を尊敬する ～を尊重する
134. search	[動] 捜す ～を捜索する、～を詳しく調べる
135. connect	[動] ～をつなぐ ～を関連付ける
136. decline	[動] 減少する 衰退する、～を断る
137. prevent	[動] ～を妨げる ～を防ぐ
138. suffer	[動] 苦しむ 患う、苦痛などを経験する
139. survive	[動] ～を切り抜けて生き残る より長生きする、生き延びる
140. publish	[動] ～を出版する ～を公表する
141. opportunity	[名] 機会
142. task	[名] 仕事、作業 課題、タスク
143. industry	[名] 産業 勤勉
144. medium	[名] 情報伝達の媒体 手段
145. economy	[名] 経済 経済圏、節約
146. policy	[名] 政策、方針 個人の主義
147. account	[名] 説明 勘定、口座
148. trade	[名] 貿易 商売、取引
149. model	[名] 規範 モデル、模型、型
150. figure	[名] 数字 姿、人物、図表
151. cell	[名] 細胞 独房、電池
152. image	[名] 印象、イメージ 画像、像
153. emotion	[名] 感情、情動 感動
154. stress	[名] ストレス 圧力、強調
155. decade	[名] １０年間
156. range	[名] 範囲 射程距離、同類の組
157. character	[名] 性格、個性 特徴、登場人物、文字
158. advantage	[名] 利点 優勢、有利
159. phrase	[名] 句 成句、言葉遣い
160. damage	[名] 損害、損傷 損害賠償金
161. impact	[名] 影響 衝突、衝撃
162. method	[名] 方法 体系、秩序
163. resource	[名] 資源 資金、才覚
164. region	[名] 地域 領域、部位
165. medicine	[名] 薬 医学
166. detail	[名] 詳細、細部
167. feature	[名] 特徴 顔つき、特集記事
168. function	[名] 機能 関数
169. access	[名] 利用、入手 接近
170. item	[名] 品物、項目 短い記事
171. income	[名] 収入 所得
172. attitude	[名] 態度 考え方、心構え
173. site	[名] 用地 場所、跡地、ウェブサイト
174. aspect	[名] 側面 観点、様相
175. structure	[名] 構造 体系、構造物
176. habit	[名] 習慣、癖
177. link	[名] 関連、つながり 交通手段、リンク
178. instance	[名] 例、実例 場合
179. positive	[形] 肯定的な 積極的な、確信して、陽性の
180. negative	[形] 否定的な 消極的な、陰性の
181. complex	[形] 複雑な 複合の
182. current	[形] 現在の 現代の、流用している
183. mental	[形] 精神の 知能の、頭の中で行う
184. specific	[形] 特定の 明確な、具体的な、特有の
185. significant	[形] 重要な、重大な 意義深い
186. essential	[形] 必要不可欠な 本質的な
187. official	[形] 公用の 公式の、役所の
188. financial	[形] 財政の 財界の
189. academic	[形] 学問の 大学の
190. aware	[形] 気付いて、知って
191. worth	[形] ～に値する ～の価値がある
192. potential	[形] 潜在的な 可能性を秘めた
193. active	[形] 積極的な 活動的な、効力のある
194. digital	[形] デジタル方式の デジタル表示の
195. mobile	[形] 可動式の 流動性のある
196. novel	[形] 斬新な、目新しい
197. plastic	[形] 柔軟な プラスチックの、ビニールの
198. chemical	[形] 化学の、化学的な
199. necessary	[形] 必要な
200. eventually	[副] 結局、結局は
201. identify	[動] ～を特定する ～を同一視する
202. represent	[動] ～を表す ～を代表する、～に相当する
203. indicate	[動] ～を指し示す ～を述べる
204. manage	[動] ～をなんとか成し遂げる ～を管理する
205. attend	[動] ～に出席する 世話する、～に対処する
206. maintain	[動] ～を維持する ～と主張する、～を養う
207. survey	[動] ～を調査する ～をじろじろ見る、～を概観する
208. replace	[動] ～にとって代わる ～を取り替える
209. sort	[動] ～を分類する ～をえり分ける
210. conduct	[動] （調査・実験など）を実施する ～を導く
211. associate	[動] ～を結び付けて考える ～と交際する
212. attempt	[動] ～を試みる、企てる
213. promote	[動] ～を促進する 昇進する
214. earn	[動] ～を稼ぐ ～を得る、もたらす
215. unite	[動] ～を団結させる 結合する、団結する
216. feed	[動] ～に食べ物を与える ～を供給する
217. seek	[動] ～を追い求める ～を要請する
218. observe	[動] ～に気付く ～を観察する、～を遵守する
219. reveal	[動] ～を明らかにする ～を見せる
220. estimate	[動] ～と推定する ～を見積もる、～を評価する
221. reflect	[動] ～を反映する 反射する、熟考する
222. attract	[動] ～を引き付ける
223. decrease	[動] 減少する ～を減らす
224. ignore	[動] ～を無視する
225. match	[動] 合う ～に匹敵する、一致する
226. define	[動] ～を定義する ～を明確にする
227. adapt	[動] 適応する 適合させる
228. contribute	[動] 貢献する、一因となる 寄付する、寄稿する
229. exchange	[動] 交換する 両替する
230. display	[動] ～を示す ～を発揮する、～を展示する
231. respond	[動] 反応する 答える
232. hide	[動] ～を隠す 隠れる
233. doubt	[動] ではないと思う ～を疑う
234. remove	[動] ～を取り除く ～を解雇する
235. wind	[動] （ねじなど）を巻く （道などが）曲がりくねる、巻きつく
236. assume	[動] ～を当然のことと思う、～と仮定する ～を手に入れる、～を引き受ける
237. relax	[動] くつろぐ 緩む、くつろがせる、緩める
238. satisfy	[動] ～を満足させる 条件などを満たす
239. desire	[動] ～を強く望む
240. succeed	[動] 成功する 継承する
241. concept	[名] 概念 考え、コンセプト
242. fashion	[名] 流行、ファッション 方法、流儀
243. device	[名] 装置、機器 方策、デバイス
244. charge	[名] 料金 世話、管理、告発
245. contrast	[名] 対照
246. colleague	[名] 同僚
247. pain	[名] 苦痛、痛み 苦悩、骨折り
248. bill	[名] 請求書 勘定書、法案
249. content	[名] 中身、内容 コンテンツ
250. section	[名] 部門 部分、地区、欄
251. audience	[名] 聴衆、観客 視聴者
252. surface	[名] 表面 外見
253. crop	[名] 作物 収穫高
254. topic	[名] 話題、トピック 主題
255. technique	[名] 技術 技巧、手法
256. status	[名] 地位 状態
257. option	[名] 選択 選択肢
258. reward	[名] 報酬 報い
259. race	[名] 人種 民族、競争
260. crime	[名] 罪、犯罪 違法行為
261. conflict	[名] 争い 論争、不一致
262. struggle	[名] 闘い 懸命の努力
263. context	[名] 状況 背景、文脈
264. debate	[名] 討論、論争 討論会
265. fuel	[名] 燃料 勢いを増加させるもの
266. pollution	[名] 汚染、公害
267. trend	[名] 傾向 流行
268. balance	[名] 均衡、バランス 体の平衡、残高
269. traffic	[名] 交通 通行、交通量、不正取引
270. strategy	[名] 戦略
271. basis	[名] 基礎 根拠、基準
272. consequence	[名] 結果 重大性
273. aim	[名] 目標、目的 狙い
274. ancestor	[名] 祖先 原型
275. gene	[名] 遺伝子
276. track	[名] 跡 軌道、鉄道の番線、走路
277. revolution	[名] 革命 回転、天体の公転
278. progress	[名] 進歩 前進
279. cognitive	[形] 認知の
280. ideal	[形] 理想的な 観念的な
281. efficient	[形] 効率的な 有能な
282. universal	[形] 普遍的な 宇宙の、万能の
283. vast	[形] 莫大な 広大な
284. extra	[形] 追加の、余分の 別勘定の
285. entire	[形] 全部の、全体の 完全な
286. familiar	[形] 精通している よく知られている
287. obvious	[形] 明らかな
288. moral	[形] 道徳の、倫理的な 道徳的な
289. ordinary	[形] 一般の、ふつうの 並みの
290. equal	[形] 等しい 匹敵する、平等な
291. previous	[形] 以前の、前の
292. false	[形] 間違った 虚偽の、偽の
293. rare	[形] まれな、珍しい 希少な
294. legal	[形] 法律の 合法の
295. independent	[形] 独立した
296. extreme	[形] 極端な 極度の、過激な
297. actual	[形] 実際の、現実の
298. willing	[形] いとわない、かまわないと思う
299. urban	[形] 都市の 都会的な
300. whereas	[接] ～するのに対し、～する一方
301. predict	[動] ～を予言、予測する
302. examine	[動] ～を調べる ～を診察する、～を尋問する
303. trust	[動] ～を信頼する ～を託す
304. stick	[動] ～を動けなくする ～を突き刺す、～にくっつく
305. emerge	[動] 現れる 明らかになる、台頭する
306. vary	[動] さまざまである 変わる、～を変える
307. release	[動] ～を放出する ～を開放する、～を発表する
308. divide	[動] ～を分ける 分かれる
309. enable	[動] ～できるようにする ～を可能にする
310. judge	[動] 判断する ～に判決を下す
311. rely	[動] 頼る
312. engage	[動] ～を従事させる ～を雇う、～に従事する
313. shift	[動] ～を変える、移す 変わる、移動する
314. adopt	[動] ～を採用する 態度などをとる、～を養子にする
315. acquire	[動] ～を得る ～を習得する
316. expand	[動] 拡大する 詳説する
317. refuse	[動] ～を拒む ～を断る、拒絶する
318. strike	[動] ～の心を打つ ～を襲う、～を打つ、ぶつかる
319. repeat	[動] 繰り返す ～を復唱する
320. consume	[動] ～を消費する ～を食べる、～を飲む
321. confuse	[動] ～を混同する ～を当惑させる
322. select	[動] ～を選ぶ、～を選り抜く
323. evolve	[動] 徐々に発展する 進化する
324. convince	[動] ～を納得させる
325. recall	[動] ～を思い出す ～を呼び戻す
326. destroy	[動] ～を破壊する ～を破滅させる
327. preserve	[動] ～を保存する ～を保持する、～を保護する
328. organize	[動] ～を準備する ～を組織する
329. warn	[動] ～に警告する
330. address	[動] （問題などに）対処する ～に演説する、～宛てに出す
331. operate	[動] ～を操作する 機能する、手術する
332. participate	[動] 参加する
333. surround	[動] ～を取り巻く ～にまつわる
334. flow	[動] 流れる 生じる
335. bore	[動] 退屈させる、うんざりさせる
336. complain	[動] 不平を言う 訴える
337. host	[動] ～を主催する ～のホスト役を務める
338. combine	[動] ～を結び付ける ～と結びつく
339. extend	[動] ～を伸ばす、～を延ばす 伸びる、及ぶ
340. appreciate	[動] ～を正当に評価する ～を鑑賞する、～を感謝する
341. target	[名] 目的 的
342. element	[名] 要素、成分 元素
343. principle	[名] 原理、原則 主義、信条
344. phenomenon	[名] 現象
345. atmosphere	[名] 大気 雰囲気
346. origin	[名] 起源 源
347. personally	[名] 個性、性格
348. capacity	[名] 容量、収容能力 潜在能力
349. profit	[名] 利益 収益、得
350. circumstance	[名] 状況、事情 境遇
351. manner	[名] 作法 方法、物腰
352. threat	[名] 脅威 悪い兆し、脅迫
353. resident	[名] 居住者 滞在者
354. wealth	[名] 富 資源、富裕
355. institution	[名] 機関 協会、施設、制度
356. authority	[名] 当局 権威、権限
357. vote	[名] 投票 投票結果、選挙権
358. sight	[名] 光景 名所、見えること、視野、視力
359. campaign	[名] 運動 軍事行動
360. fund	[名] 基金、資金
361. web	[名] ウェブ 蜘蛛の巣
362. symbol	[名] 象徴、シンボル 記号、標章
363. analysis	[名] 分析
364. version	[名] 本などの版 解釈
365. perspective	[名] 観点、見方 大局観、遠近法
366. crisis	[名] 危機
367. disaster	[名] 災害 惨事
368. lecture	[名] 講義、講演 説教
369. psychology	[名] 心理学 心理
370. gender	[名] 性、性別
371. custom	[名] 慣習 税関、関税
372. court	[名] 裁判所、法廷 裁判、宮廷、中庭
373. desert	[名] 砂漠 不毛の地
374. soil	[名] 土地、土壌 温床
375. agriculture	[名] 農業 農学、畜産
376. fossil	[名] 化石 時代遅れの人
377. document	[名] 文書、書類 記事、資料
378. vocabulary	[名] 語彙
379. intelligent	[形] 聡明な 知能を有する
380. conscious	[形] 意識して、気付いて
381. capable	[形] 能力がある 有能な
382. accurate	[形] 正確な 精密な
383. fundamental	[形] 基本的な 必須の
384. artificial	[形] 人工の 不自然な
385. firm	[形] 確固たる 堅固な、安定した
386. overall	[形] 総合的な 全体的な
387. rural	[形] 田舎の、田園の
388. military	[形] 軍の、軍事用の
389. nuclear	[形] 核の、原子力の
390. biological	[形] 生物学の
391. constant	[形] 絶え間ない 一定の
392. severe	[形] 厳しい 猛烈な
393. visual	[形] 視覚の 目に見える
394. enormous	[形] 莫大な 巨大な
395. convenient	[形] 便利な、都合のいい
396. domestic	[形] 家庭の 国内の、動物が飼いならされた
397. mass	[形] 大規模な、大量の 大衆の
398. typical	[形] 典型的な ～に特有の
399. overseas	[副] 海外へ
400. nevertheless	[副] それにもかかわらず
401. demonstrate	［動］ ～を論証する デモをする
402. behave	［動］ ふるまう 作動する
403. educate	［動］ ～を教育する ～に教える、～を養う
404. purchase	［動］ ～を購入する
405. recommend	［動］ ～を勧める
406. admit	［動］ ～をしぶしぶ認める ～の入場・入学などを認める
407. generate	［動］ ～を生み出す ～を発生させる
408. explore	［動］ ～を調査、探求する ～を探検する
409. amaze	［動］ ～をびっくりさせる
410. tear	［動］ ～を引き裂く 裂ける
411. settle	［動］ ～を解決する 移り住む、～を落ち着かせる
412. afford	［動］ ～を持つ余裕がある ～を与える
413. conclude	［動］ ～と結論付ける ～を締めくくる、～を締結する
414. advertise	［動］ ～を宣伝する 広告を出す
415. encounter	［動］ ～に遭遇する ～に出会う
416. remind	［動］ ～に思い出させる
417. locate	［動］ 位置する ～の位置を探し当てる
418. aid	［動］ ～を援助する、助ける
419. bite	［動］ かむ、かみつく 刺す
420. deliver	［動］ ～を配達する （演説・講義）をする、子を産む
421. perceive	［動］ ～に気付く ～を知覚する、～を理解する
422. distinguish	［動］ ～を区別する
423. imply	［動］ ～を暗に意味する ～を必然的に伴う
424. handle	［動］ ～を処理する、～を扱う
425. praise	［動］ ～を賞賛する 賛美する
426. appeal	［動］ 訴える 抗議する、上訴する
427. insist	［動］ 強く主張する 要求する
428. compete	［動］ 競う 匹敵する
429. rank	［動］ ～を位置づける、評価する ～に位置する
430. deny	［動］ ～を否定する ～を拒む
431. reject	［動］ ～を拒否する
432. intend	［動］ ～を意図する
433. expose	［動］ ～をさらす ～を暴露する、～を露出する
434. favor	［動］ ～に賛成する ～を好む、～をひいきする
435. inspire	［動］ ～を奮起させる ～を喚起する
436. propose	［動］ ～を提案する ～をもくろむ、結婚を申し込む
437. spell	［動］ 語をつづる ～という語になる
438. breathe	［動］ 呼吸する ～を吸う
439. repair	［動］ ～を修理する ～を修復する
440. consist	［動］ ～から成る ～にある
441. comment	［名］ 意見、コメント 批判
442. instruction	［名］ 指示 使用書
443. religion	［名］ 宗教 信条、信仰心
444. neighborhood	［名］ 地域 近所
445. laboratory	［名］ 実験室、研究室
446. presence	［名］ 存在 出席、面前
447. confidence	［名］ 自信 信頼、秘密
448. harm	［名］ 害、損害
449. instrument	［名］ 器具 楽器
450. category	［名］ 部類、区分 範疇
451. capital	［名］ 資本 首都、大文字
452. outcome	［名］ 結果 成果
453. notion	［名］ 概念、観念 見解、意向
454. review	［名］ 論評 再調査、復習
455. trait	［名］ 特性
456. diversity	［名］ 多様性 相違点
457. victim	［名］ 犠牲、被害者
458. occasion	［名］ 場合、時 行事、機会
459. facility	［名］ 施設、設備 機能、才能
460. stock	［名］ 在庫品 蓄え、株
461. conference	［名］ 会議 協議
462. humanity	［名］ 人類 人間性、人情、人文科学
463. dialect	［名］ 方言
464. proportion	［名］ 割合 部分、つり合い
465. tip	［名］ 助言、秘訣 チップ、先端
466. lawyer	［名］ 弁護士
467. stuff	［名］ 物 素材、素質
468. comfort	［名］ 快適さ 慰め
469. philosophy	［名］ 哲学 原理、人生観
470. mammal	［名］ 哺乳動物
471. quantity	［名］ 量 分量
472. landscape	［名］ 風景 領域、状況
473. tribe	［名］ 部族 仲間
474. organ	［名］ 器官、臓器 組織、オルガン
475. trial	［名］ 試み、試験 裁判、試用期間
476. norm	［名］ 規範 標準
477. code	［名］ 規範 暗号、法典
478. substance	［名］ 物質 実態、趣旨
479. multiple	［形］ 多様な 種々雑多な
480. numerous	［形］ 非常に数の多い
481. narrow	［形］ 狭い 細い、限られた
482. widespread	［形］ 広範囲にわたる 広く普及した
483. sufficient	［形］ 十分な
484. proper	［形］ 適切な 正式の、主要な、固有の
485. linguistic	［形］ 言語の、言語学の
486. annual	［形］ 年１回の、例年の １年間の
487. contemporary	［形］ 現代の 同時代の、同年輩の
488. contrary	［形］ 反対の
489. strict	［形］ 厳しい 厳格な
490. civil	［形］ 市民の 民間の、民事の
491. odd	［形］ 奇妙な 奇数の
492. unknown	［形］ 不明の 知られていない、無名の
493. superior	［形］ よりすぐれた
494. sensitive	［形］ 敏感な 神経質な、微妙な
495. violent	［形］ 激しい 暴力的な
496. virtual	［形］ 仮想の 事実上の
497. regardless	［形］ かまわない、無頓着な
498. immediate	［形］ 即座の 当面の、すぐそばの、直接の
499. crucial	［形］ 重要な
500. somewhat	［副］ いくぶん、多少
501. interpret	［動］ ～を解釈する 通訳する
502. translate	［動］ ～を翻訳する ～を変える
503. concentrate	［動］ 集中する
504. request	［動］ ～に頼む ～を要請する
505. criticize	［動］ ～を批判する ～を批評する
506. overcome	［動］ ～を克服する
507. obtain	［動］ ～を得る
508. inform	［動］ ～に知らせる ～に情報を提供する
509. ensure	［動］ ～を確実にする ～を守る
510. announce	［動］ ～を発表する、知らせる ～を告げる
511. grant	［動］ （許可・権利などを）与える ～を認める
512. freeze	［動］ 凍る 凍らせる、～を凍結する
513. oppose	［動］ ～に反対する ～を対抗させる
514. differ	［動］ 異なる
515. hate	［動］ ～をひどく嫌う ～を残念に思う
516. emphasize	［動］ ～を強調する ～を重視する
517. employ	［動］ ～を雇う ～を使う
518. credit	［動］ （功績などを）～に帰する ～を信じる
519. transform	［動］ ～を変える 変わる
520. construct	［動］ ～を建設する ～を構成する
521. arise	［動］ 生じる
522. beat	［動］ ～を打ち負かす 打つ、たたく
523. regret	［動］ ～を後悔する
524. alter	［動］ ～を変える 変わる
525. absorb	［動］ ～を吸収する ～を併合する、～を夢中にさせる
526. disappoint	［動］ ～を失望させる 希望などをくじく
527. cure	［動］ ～を治す ～を取り除く、治る
528. transport	［動］ ～を輸送する ～を運ぶ
529. rush	［動］ 急いで行く 性急に行動する、～を急き立てる
530. hang	［動］ ～を掛ける ～を絞首刑にする、垂れる
531. blame	［動］ ～を責める ～の責任を負わせる
532. ban	［動］ ～を法的に禁止する ～を締め出す
533. fascinate	［動］ ～を魅了する
534. recover	［動］ 回復する ～を取り戻す
535. celebrate	［動］ ～を祝う ～を挙行する
536. manufacture	［動］ ～を製造する ～をでっちあげる
537. interact	［動］ 影響しあう 相互に作用する
538. arrange	［動］ ～の段取りをつける ～を手配する、～を配置する
539. adjust	［動］ ～を調整する ～を適合させる、順応する
540. confirm	［動］ ～を確認する ～を裏付ける
541. insight	［名］ 見識、理解 洞察力
542. innovation	［名］ 革新 新機軸
543. budget	［名］ 予算 経費
544. fee	［名］ 料金 謝礼
545. expense	［名］ 経費 費用、犠牲
546. debt	［名］ 借金、負債 恩義
547. loan	［名］ 貸付金、融資 貸すこと
548. duty	［名］ 義務 職務、関税
549. alarm	［名］ 不安、おそれ 警報装置
550. emergency	［名］ 緊急
551. democracy	［名］ 民主主義、民主政治 民主国家
552. minister	［名］ 大臣 聖職者
553. fellow	［名］ 仲間、同僚 同級生、男
554. candidate	［名］ 候補 志願者
555. corporation	［名］ 企業 法人
556. stereotype	［名］ 固定観念 決まり文句
557. route	［名］ 道 路線、ルート、手段
558. disorder	［名］ 障害、不調 混乱
559. depression	［名］ 憂鬱 うつ病、不況、低気圧
560. weapon	［名］ 兵器、武器
561. immigration	［名］ 移民、移住 入国管理
562. barrier	［名］ 障壁 防壁
563. disadvantage	［名］ 不利 障害、損失
564. mood	［名］ 気分 機嫌、雰囲気
565. motion	［名］ 動き、動作 運動、動議
566. routine	［名］ 決まりきった仕事 いつもの手順
567. discipline	［名］ 規律、しつけ 訓練、懲戒、学問分野
568. myth	［名］ つくり話 神話
569. hypothesis	［名］ 仮説 憶測
570. physician	［名］ 医師 内科医
571. client	［名］ 顧客 依頼人
572. colony	［名］ 植民地 集団居住地
573. statistics	［名］ 統計 統計学
574. grain	［名］ 穀物 粒、きめ
575. ingredient	［名］ 材料、成分 要因
576. treasure	［名］ 宝物、財宝 財産
577. contract	［名］ 契約 協定
578. welfare	［名］ 福祉、幸福
579. prime	［形］ 主要な、もっとも重要な 最適な、極上の
580. curious	［形］ 好奇心の強い 奇妙な
581. dramatic	［形］ 劇的な 演劇の
582. distinct	［形］ 明らかに異なる 明瞭な
583. anxious	［形］ 心配して 切望して
584. vital	［形］ 必要不可欠な 活気のある、生命にかかわる
585. conventional	［形］ 従来の 月並みな
586. abstract	［形］ 抽象的な
587. minor	［形］ 重要でない 小さい
588. extraordinary	［形］ 並外れた 異常な、驚くべき
589. stable	［形］ 安定した
590. flexible	［形］ 融通のきく、柔軟な
591. brief	［形］ 簡潔な 短い
592. aggressive	［形］ 攻撃的な 意欲的な
593. visible	［形］ 目に見える 明白な
594. unexpected	［形］ 思いがけない、不意の
595. ethnic	［形］ 民族の、人種の 民族特有の
596. alien	［形］ 異質の 外国の、宇宙人の
597. initial	［形］ 初めの
598. exact	［形］ 正確な まさにその
599. precise	［形］ 正確な 精密な、まさにその
600. latter	［形］ 後者の、後半の
601. commit	[動] 献身する 罪などを犯す、～を投入する
602. stimulate	[動] ～を刺激する
603. enhance	[動] 価値などを高める、増す
604. pursue	[動] ～を追求する ～に従事する
605. react	[動] 反応する 化学反応を起こす
606. disagree	[動] 不賛成である 意見が食い違う
607. stare	[動] じっと見る ～を見つめる
608. abandon	[動] ～を捨てる ～を放棄する、断念する
609. quit	[動] ～をやめる ～を去る
610. capture	[動] ～をとらえる ～をとりこにする
611. transfer	[動] ～を移す ～を伝える、移る、乗り換える
612. bother	[動] ～を悩ます 気に掛ける
613. persuade	[動] ～を説得する ～に確信させる
614. rent	[動] ～を賃借りする ～を賃貸しする
615. breed	[動] ～を繁殖させる、育てる 繁殖する
616. invest	[動] 投資する ～に与える
617. reserve	[動] ～を予約する ～をとっておく、保留する
618. trace	[動] 足跡・起源などをたどる ～を捜しだす
619. illustrate	[動] ～を説明する ～に挿絵を入れる
620. advise	[動] ～に忠告（助言）する 助言する
621. convey	[動] ～を伝える ～を運ぶ、運搬する
622. attach	[動] ～を取り付ける 付与する
623. stretch	[動] ～を伸ばす ～を広げる、伸びる、及ぶ
624. puzzle	[動] ～を当惑させる
625. disturb	[動] ～をかき乱す ～を妨害する、～を動揺させる
626. crash	[動] 衝突する、墜落する ～をぶつけて壊す
627. cope	[動] うまく処理する
628. permit	[動] ～を許可する
629. impress	[動] ～を感動させる ～に印象を与える
630. suspect	[動] ではないかと思う ～を疑う
631. upset	[動] ～を動揺させる ～をだめにする
632. frighten	[動] ～を怖がらせる
633. import	[動] ～を輸入する ～を取り込む
634. export	[動] ～を輸出する
635. investigate	[動] ～を調査する ～を究明する、調査する
636. monitor	[動] ～を監視する ～を傍受する
637. calculate	[動] ～を計算する ～を予測する
638. eliminate	[動] ～を取り除く
639. ease	[動] ～を軽減する 和らぐ、緩む
640. launch	[動] ～を開始する ～を売り出す、～を発射する
641. sequence	[名] 連続 一連のもの
642. therapy	[名] 療法 心理療法
643. symptom	[名] 症状 兆候
644. incident	[名] 出来事、事件 紛争
645. witness	[名] 目撃者 証人、証拠、証言
646. sum	[名] 金額 合計、要点
647. burden	[名] 負担 重い義務、罪に
648. tone	[名] 口調 音色、雰囲気、色調
649. honor	[名] 光栄 名誉、敬意
650. award	[名] 賞 授与
651. priority	[名] 優先
652. logic	[名] 論理 道理、論理学
653. minimum	[名] 最少限度
654. exception	[名] 例外
655. clue	[名] 手がかり ヒント
656. bond	[名] 絆 債券、束縛、接着剤
657. virus	[名] ウイルス 病原体
658. surgery	[名] 外科手術 外科、外科医学
659. insurance	[名] 保険 保険料、保険金
660. frame	[名] 枠、額縁、縁 骨組み、体格
661. shelter	[名] 避難、保護
662. territory	[名] 領土 領域、テリトリー
663. boundary	[名] 境界 限界
664. habitat	[名] 生息地 居住地
665. district	[名] 地区 行政区
666. conservation	[名] 保護 保存
667. harvest	[名] 収穫 収穫期、漁獲高
668. predator	[名] 捕食動物 略奪者
669. trap	[名] わな 苦境
670. trick	[名] こつ 策略、いたずら、芸当
671. fault	[名] 責任 欠点、誤り
672. discount	[名] 割引
673. bias	[名] 偏見 傾向
674. cooperation	[名] 協力、共同
675. patent	[名] 特許 特許品
676. dialogue	[名] 対話、会話 意見の交換
677. component	[名] 構成要素 部品
678. reputation	[名] 評判 名声
679. verbal	[形] 言葉の 口頭での、動詞の
680. internal	[形] 内部の 国内の、内面的な
681. solid	[形] しっかりした 硬い、固体の
682. remote	[形] 遠く離れた かけ離れた
683. principal	[形] 主要な 資本金の
684. sophisticated	[形] 高性能の、精巧な 洗練された
685. equivalent	[形] 等しい、相当する
686. rational	[形] 理性的な 合理的な
687. relevant	[形] 関係がある 適切な
688. absolute	[形] 絶対的な
689. frequent	[形] 頻繁な
690. permanent	[形] 永続的な
691. intense	[形] 強烈な 熱烈な
692. meaningful	[形] 意味のある
693. evil	[形] 邪悪な 有害な
694. extinct	[形] 絶滅した 廃止された
695. random	[形] 無作為の 手当たり次第の
696. raw	[形] 生の 未加工の
697. rude	[形] 無礼な 粗野な
698. mere	[形] 単なる、ほんの
699. tropical	[形] 熱帯の
700. forth	[副] 前へ、先へ それ以降
701. possess	[動] ～を所有している ～の心をとらえる
702. dominate	[動] ～を支配する 優勢である
703. guarantee	[動] ～を保証する
704. melt	[動] 溶ける なごむ、～を溶かす
705. embarrass	[動] ～に恥ずかしい思いをさせる
706. discourage	[動] ～にやる気をなくさせる ～を落胆させる
707. detect	[動] ～を感知する ～を見つけ出す、～に気付く
708. devote	[動] ～をささげる
709. urge	[動] ～に促す ～を強く主張する、～を駆り立てる
710. lend	[動] ～を貸す （助言・援助など）を与える
711. restrict	[動] ～を制限する
712. isolate	[動] ～を孤立させる
713. accompany	[動] ～に同行する ～に付随する
714. exhaust	[動] ～を疲れ果てさせる ～を使い尽くす、排気する
715. annoy	[動] ～を悩ます （受身形で）腹が立つ
716. endanger	[動] ～を危険にさらす
717. acknowledge	[動] 事実などを認める ～に謝意を表す
718. admire	[動] ～に敬服・感心する
719. evaluate	[動] ～を評価する ～を査定する
720. declare	[動] ～を宣言する ～を申告する
721. secure	[動] ～を確保する ～を守る
722. specialize	[動] 専門とする ～を専攻する
723. attribute	[動] （結果など）を～に帰する
724. pretend	[動] ふりをする
725. bury	[動] ～を埋める ～を埋葬する、～を隠す
726. reverse	[動] ～を逆転させる ～を反対にする
727. resist	[動] ～に抵抗する ～を我慢する
728. scare	[動] ～をおびえさせる ～を脅す
729. imitate	[動] ～をまねる ～を模造する
730. assist	[動] 援助する ～を手伝う
731. resemble	[動] ～に似ている
732. retire	[動] 引退する、退職する 退く
733. neglect	[動] ～をおろそかにする、怠る ～を無視する
734. collapse	[動] 崩壊する 倒れる、～を折りたたむ
735. reform	[動] ～を改革する ～を改心させる
736. protest	[動] 抗議する ～を主張する
737. owe	[動] ～に借りがある ～のおかげである
738. sustain	[動] ～を持続させる ～を支える
739. assign	[動] ～を割り当てる ～を配属する
740. accomplish	[動] ～を成し遂げる
741. wisdom	[名] 知恵 賢明さ、学識
742. literacy	[名] 読み書きの能力 特定分野の知識
743. heritage	[名] 遺産
744. mission	[名] 使命 使節団、布教
745. license	[名] 免許 許可
746. elite	[名] エリート
747. layer	[名] 層
748. motor	[名] モーター 原動力
749. protein	[名] タンパク質
750. profession	[名] 職業 専門職、同業者仲間
751. editor	[名] 編集者 編集長
752. agent	[名] 仲介者、代理人 薬剤
753. globe	[名] 地球、世界 球
754. haven	[名] 避難所、保護区 港
755. row	[名] 列 通り
756. sacrifice	[名] 犠牲 いけにえ
757. means	[名] 手段 資力、収入
758. session	[名] 集まり 会期、議会
759. league	[名] 連盟 同盟
760. contest	[名] コンテスト、協議 争い
761. guard	[名] 警備員 警察隊、監視、警戒
762. opponent	[名] 相手 反対者
763. glance	[名] ちらっと見ること
764. divorce	[名] 離婚 分離
765. tissue	[名] 生物の組織 ティッシュペーパー
766. liquid	[名] 液体
767. inequality	[名] 不平等 不公平な事柄
768. prejudice	[名] 偏見
769. justice	[名] 公正、正義 司法
770. guideline	[名] 指針、ガイドライン 指導基準
771. platform	[名] プラットフォーム 演壇、舞台
772. sector	[名] 部門、セクター 地域
773. channel	[名] チャンネル 伝達経路、海峡
774. glacier	[名] 氷河
775. primate	[名] 霊長目の動物
776. usage	[名] 使用法 語法、習慣
777. fortune	[名] 財産 幸運、運命
778. correlation	[名] 相互関係、相関関係
779. artistic	[形] 芸術的な
780. literacy	[形] 文学の
781. classic	[形] 第一級の 典型的な、定番の
782. liberal	[形] 自由主義の 寛大な、一般教養の
783. concrete	[形] 具体的な 有形の
784. slight	[形] わずかな とるに足らない
785. federal	[形] 連邦の
786. primitive	[形] 原始的な 未開の
787. unfamiliar	[形] 不慣れな 知られていない
788. subtle	[形] 微妙な 希薄な
789. plain	[形] 明らかな 平易な、飾り気のない、率直な
790. marine	[形] 海の 船舶の
791. apparent	[形] 明白な 一見～らしい
792. reluctant	[形] 気が進まない、嫌がる
793. temporary	[形] 一時的な
794. guilty	[形] 罪悪感のある 有罪の
795. royal	[形] 王の
796. pure	[形] 純粋な 潔白の、まったくの
797. incredible	[形] 信じられない すばらしい
798. eager	[形] 熱望して 熱心な
799. adequate	[形] 十分な 適切な
800. via	[前] ～経由で ～の媒介で
801. assess	[動] ～を評価する ～を査定する
802. approve	[動] 賛成する ～を承認する
803. remark	[動] ～と述べる 意見を述べる
804. pose	[動] （危険を）引き起こす （問題などを）提起する、ポーズをとる、～を装う
805. yield	[動] ～をもたらす ～に譲る、～に屈す
806. exhibit	[動] ～を示す、見せる ～を展示する
807. distribute	[動] ～を分配する （受動で）分布する
808. command	[動] ～を命じる ～を指揮する、景色を見渡せる
809. occupy	[動] （時間・空間）を占める ～を占領する
810. pop	[動] ひょいと動く 不意に現れる、ポンとはじける
811. pile	[動] ～を積み重ねる 積み重なる
812. greet	[動] ～を挨拶する ～を迎える
813. apologize	[動] 謝る 弁明する
814. frustrate	[動] ～をいらだたせる ～を挫折させる
815. relieve	[動] ～を和らげる （受動で）安心する
816. derive	[動] 由来する ～を引き出す、～を推論する
817. deserve	[動] ～に値する
818. peer	[動] じっと見る
819. defeat	[動] ～を任す ～を失敗させる
820. convert	[動] ～を変える ～改宗させる、～を交換する
821. wed	[動] ～と結婚する ～を結婚させる
822. delight	[動] ～を喜ばせる 大いに喜ぶ
823. boost	[動] ～を押し上げる ～を増加させる
824. endure	[動] ～に耐える 持ちこたえる
825. correspond	[動] 一致する 相当する、文通する
826. impose	[動] ～を課す ～を押し付ける
827. rescue	[動] ～を救う
828. resolve	[動] ～を解決する ～決意する、～を議決する
829. register	[動] ～を記録する、登録する 登録する
830. interrupt	[動] ～を中断させる 邪魔をする
831. rid	[動] ～から取り除く、除去する
832. prohibit	[動] ～を禁止する
833. compose	[動] ～を構成する ～を創作する、～を鎮静する
834. misunderstand	[動] 誤解する
835. punish	[動] ～を罰する ～に損傷を与える
836. ruin	[動] ～をだめにする ～を破滅させる、破滅する
837. defend	[動] ～を防御する ～を弁護する
838. embrace	[動] ～を受け入れる 抱擁する、～を包含する
839. modify	[動] ～を修正する ～を緩和する
840. qualify	[動] ～に資格を与える 資格がある
841. passion	[名] 情熱 熱中、激怒
842. enthusiasm	[名] 情熱、熱意
843. phase	[名] 段階、局面 側面
844. mode	[名] 方式 気分、形態、流行
845. span	[名] 期間 範囲
846. gravity	[名] 重力、引力 重量、重大さ
847. orbit	[名] 軌道 （活力・勢力などの）範囲
848. asteroid	[名] 小惑星 ヒトデ
849. core	[名] 核心 芯
850. soul	[名] 精神 魂、霊魂、生気
851. nerve	[名] 神経 神経過敏、度胸
852. infection	[名] 感染、感染症
853. mall	[名] モール、ショッピングセンター
854. grocery	[名] 食料雑貨 食料雑貨店
855. humor	[名] ユーモア 気分、機嫌、気質
856. instinct	[名] 本能 勘、直感、衝動
857. faith	[名] 信頼 信仰心
858. courage	[名] 勇気
859. incentive	[名] 動機 報奨金
860. prospect	[名] 見込み 未来への展望、有望な人
861. obstacle	[名] 障害
862. architecture	[名] 建築 建築様式、構造
863. stem	[名] 草木の茎、幹
864. illusion	[名] 錯覚、思い違い 幻想
865. discrimination	[名] 差別 区別
866. shame	[名] 恥 残念なこと
867. drought	[名] 干ばつ 慢性的な不足
868. flavor	[名] 風味 特色
869. portion	[名] 部分 １人前、割り当て
870. recipe	[名] 調理法、レシピ 手順、秘訣
871. luxury	[名] 贅沢 豪華な
872. chip	[名] 小片、破片 欠けた場所、集積回路
873. ritual	[名] 儀式 習慣的行為
874. sake	[名] ～のために、～の目的で
875. prefecture	[名] 日本の県 フランスなどの県
876. council	[名] 地方議会 評議会、公の会議
877. administration	[名] 管理 行政、政府
878. curriculum	[名] 教育課程、カリキュラム
879. precious	[形] 貴重な 高価な
880. generous	[形] 寛大な 気前の良い
881. casual	[形] 何気ない 形式ばらない
882. optimistic	[形] 楽観的な
883. rough	[形] 粗い 大まかな、乱暴な
884. unpleasant	[形] 不愉快な 不親切な、無礼な
885. Arctic	[形] 北極の
886. ultimate	[形] 究極の
887. deaf	[形] 耳が聞こえない
888. genuine	[形] 本物の 偽りのない
889. manual	[形] 手を使う 手の、手動式の
890. mechanical	[形] 機械の 機械的な
891. instant	[形] 即時の、すぐの 即時の
892. spare	[形] 余分の、予備の
893. immune	[形] 免疫を持つ ～を免れた
894. harsh	[形] 厳しい 不快な
895. collective	[形] 集団の、共同の
896. inevitable	[形] 避けられない
897. profound	[形] 重大な 深い、難解な
898. steady	[形] 着実な、一定の 安定した
899. mature	[形] 成熟した 熟した
900. likewise	[副] 同様に
901. chase	[動] 追跡する 追求する
902. sue	[動] ～を告訴する 訴訟を起こす
903. gaze	[動] じっと見る
904. slip	[動] 滑る 滑り落ちる、そっと動く
905. load	[動] ～に積む ～に負わせる
906. overwhelm	[動] ～を圧倒する ～を打ちのめす
907. wander	[動] 歩き回る それる、はぐれる
908. float	[動] 漂う、浮かぶ ～を浮かべる
909. pour	[動] ～を注ぐ 激しく降る、押し寄せる
910. substitute	[動] ～を代わりに使う 代理をする
911. pronounce	[動] ～を発音する ～を宣言する
912. shrink	[動] 縮む、縮小する 減少する、ひるむ
913. restore	[動] ～を回復させる ～を修復する
914. trigger	[動] ～を引き起こす ～のきっかけとなる
915. grab	[動] ～をつかむ ～を横取りする、～を急いで食べる
916. retain	[動] ～を保持する ～を覚えている
917. reproduce	[動] ～を複製する ～を繁殖させる、繁殖する
918. bob	[動] 上下に動く 急に動く、～を上下に動かす
919. entertain	[動] ～を楽しませる ～をもてなす
920. interfere	[動] 干渉する、介入する 邪魔する
921. cultivate	[動] ～を養う ～を耕す、～を栽培する
922. underlie	[動] ～の根底にある
923. anticipate	[動] ～を予期する 楽しみに待つ
924. justify	[動] ～を正当化する
925. regulate	[動] ～を規制する ～を調整する
926. scan	[動] ～を走査（スキャン）する ～をざっと見る、～を注意深く調べる
927. classify	[動] ～を分類する ～を機密扱いにする
928. submit	[動] ～を提出する ～に従う
929. pause	[動] 一時的に中止する 立ち止まる
930. lean	[動] 傾く 寄りかかる、～をもたせかける
931. bump	[動] ぶつかる ～をぶつける
932. fold	[動] ～を折りたたむ 腕を組む、折りたためる
933. hesitate	[動] 躊躇する、ためらう
934. pump	[動] ポンプで送り込む ～をくみ出す、～を注ぎ込む
935. mount	[動] ～を据え付ける ～に着手する、乗る、増える
936. exceed	[動] ～を超える ～に勝る
937. undergo	[動] ～を経験する 手術などを受ける、～に耐える
938. confront	[動] ～に立ち向かう ～に立ちはだかる
939. consult	[動] 相談する ～を参照する
940. fulfill	[動] ～を実現させる ～を果たす、～を満たす
941. privilege	[名] 特権、特典
942. formation	[名] 形成 構成、隊列
943. dimension	[名] 側面、局面 次元、寸法
944. neuron	[名] ニューロン、神経単位
945. sensation	[名] 感覚 大評判
946. chart	[名] 図、グラフ 海図、ヒットチャート
947. geography	[名] 地理 地理学
948. panel	[名] 一団 討論者一同、羽目板
949. semester	[名] ２学期制の学期
950. workforce	[名] 労働人口、総労働力 全従業員
951. mill	[名] 製造工場 製粉所、粉ひき機
952. abuse	[名] 乱用 虐待
953. vice	[名] 悪 欠点
954. fate	[名] 運命 結末、最期
955. tragedy	[名] 悲劇
956. scenario	[名] 筋書き、事態 脚本
957. allergy	[名] アレルギー
958. wound	[名] 傷 痛手
959. antibiotic	[名] 抗生物質
960. vaccine	[名] ワクチン
961. metaphor	[名] 隠喩 比喩
962. folk	[名] 人々 みなさん、家族
963. fare	[名] 乗り物の料金
964. transition	[名] 移り変わり 過渡期
965. maximum	[名] 最大限
966. galaxy	[名] 星雲、銀河 銀河系
967. mineral	[名] 鉱物 ミネラル
968. skeleton	[名] 骨格 骨組み、概略
969. counterpart	[名] 相当する人、物
970. stroke	[名] 脳卒中 打つこと、雷などの一撃
971. pedestrian	[名] 歩行者
972. trail	[名] 小道 跡、手がかり
973. ecology	[名] 生態学 生態系、環境保護
974. sibling	[名] きょうだいの１人
975. ratio	[名] 比率
976. mixture	[名] 混合
977. charm	[名] 魅力 お守り
978. ambition	[名] 願望、野望 野心
979. prominent	[形] 卓越した 目立つ
980. radical	[形] 急進的な 根本的な
981. prompt	[形] 即座の、迅速な
982. informal	[形] 形式ばらない、略式の くだけた
983. mutual	[形] 相互の 共通の
984. neutral	[形] 中立の はっきりしない
985. alert	[形] 警戒して 敏速な
986. magnetic	[形] 磁気の 磁石の、人を引き付ける
987. polar	[形] 極地の 電極の
988. fluent	[形] 流暢な
989. external	[形] 外部の 対外的な
990. passive	[形] 受動的な 消極的な
991. awful	[形] ひどい いやな、ものすごい
992. unrelated	[形] 無関係の 血縁関係のない
993. cruel	[形] 残酷な むごい
994. fake	[形] 偽の 見せ掛けだけの
995. vulnerable	[形] 弱い、もろい 傷つきやすい
996. urgent	[形] 緊急の
997. spiritual	[形] 精神の 霊的な
998. modest	[形] 謙虚な 適度な、質素な
999. keen	[形] 熱心な 鋭敏な、強い
1000. nonetheless	[副] それにもかかわらず
1001. negotiate	[動] 交渉する 交渉して取り決める
1002. grasp	[動] ～を把握する ～をしっかり握る
1003. donate	[動] ～を寄付する ～を提供する
1004. arrest	[動] ～を逮捕する ～を止める、～を引く
1005. crack	[動] ひびが入る ～にひびをいれる
1006. tap	[動] ～を軽くたたく ～を出す、～を盗聴する
1007. split	[動] ～を分割する ～を分担する、分裂する
1008. forecast	[動] ～を予想する
1009. exclude	[動] ～を除外する
1010. overlook	[動] ～を見落とす ～を大目に見る、～を見渡す
1011. burst	[動] 破裂する 突然始める
1012. heal	[動] ～を治す 治る
1013. forbid	[動] ～を禁じる
1014. install	[動] ～をインストールする ～を設置する、～を就任させる
1015. diminish	[動] ～を減らす 減少する
1016. cite	[動] ～を引き合いに出す ～を引用する
1017. quote	[動] ～を引用する ～を引き合いに出す
1018. dispute	[動] ～に異議を唱える 議論する
1019. highlight	[動] ～を目立たせる、強調する
1020. distract	[動] ～をそらす
1021. cheat	[動] ～をだます 不正をする
1022. foster	[動] ～をはぐくむ ～を養育する、～を心に抱く
1023. obey	[動] ～に従う ～に服従する
1024. bend	[動] ～を曲げる ～を屈服させる、曲がる
1025. deprive	[動] ～から奪う
1026. govern	[動] 統治する、支配する
1027. log	[動] ログオンする ～を記録する
1028. transmit	[動] ～を伝える ～を送る
1029. bully	[動] ～をいじめる ～を脅す
1030. leap	[動] 跳ぶ さっと動く、急上昇する
1031. astonish	[動] ～を驚かす
1032. thrill	[動] ～をぞくぞくさせる わくわくする
1033. nod	[動] うなずく 会釈する、うとうとする
1034. bow	[動] おじぎする 屈服する
1035. blend	[動] ～を混ぜる ～を調和させる、～に溶け込む
1036. complicate	[動] ～を複雑にする
1037. pitch	[動] ～を投げる 倒れる、縦揺れする
1038. persist	[動] 続く 固執する
1039. dedicate	[動] ～をささげる ～を献呈する
1040. equip	[動] ～に備え付ける
1041. premise	[名] 前提 構内、敷地
1042. input	[名] 入力、投入 提供
1043. merit	[名] 利点 功績、真価
1044. sympathy	[名] 同情 共感
1045. compliment	[名] 賛辞 表敬
1046. infrastructure	[名] インフラ、基本的施設 経済基盤
1047. ray	[名] 光線 ひらめき、一筋の光明
1048. distress	[名] 苦悩 苦痛、困窮
1049. joint	[名] 関節 接合部
1050. expedition	[名] 遠征、探検
1051. adolescent	[名] 青年
1052. shade	[名] 日陰 色合い、日よけ、微妙な相違
1053. jury	[名] 陪審 審査員団
1054. ethic	[名] 倫理、道徳 倫理規範
1055. penalty	[名] 刑罰 罰金、ペナルティ
1056. faculty	[名] 能力、機能 学部、教授陣
1057. scheme	[名] 計画 体系、陰謀
1058. nutrition	[名] 栄養、栄養の摂取
1059. particle	[名] 微粒子 ほんのわずか
1060. molecule	[名] 分子 微粒子
1061. nationality	[名] 国籍 国民、国民性
1062. poll	[名] 世論調査 投票
1063. clinic	[名] 診療所、クリニック 病院の～科
1064. dementia	[名] 認知症
1065. fatigue	[名] 疲労
1066. dilemma	[名] ジレンマ、板挟み
1067. queue	[名] 順番を待つ列
1068. curve	[名] 道路などのカーブ 曲線
1069. narrative	[名] 物語、話 小説の叙述部分、地の文
1070. fingerprint	[名] 指紋
1071. file	[名] ファイル 書類のとじこみ
1072. wilderness	[名] 荒野 放置された部分
1073. pesticide	[名] 殺虫剤 除草剤
1074. panic	[名] パニック 狼狽
1075. fabric	[名] 織物、布 構造
1076. fantasy	[名] 空想 幻想、幻想的作品
1077. fancy	[名] 好み 空想、思いつき
1078. virtue	[名] 美徳 長所、効能
1079. grateful	[形] 感謝している
1080. valid	[形] 妥当な 有効な
1081. elaborate	[形] 入念な 凝った
1082. moderate	[形] 適度な 穏健な
1083. dynamic	[形] 活動的な、精力的な 動的な
1084. brave	[形] 勇敢な 見事な
1085. brilliant	[形] すばらしい 才能にあふれた、きらめく
1086. tremendous	[形] 途方もない、莫大な すばらしい
1087. oral	[形] 口頭の
1088. innocent	[形] 無罪の 無邪気な、無知の
1089. subsequent	[形] その後の
1090. shallow	[形] 浅い 浅薄な
1091. indifferent	[形] 無関心な
1092. inferior	[形] より劣った
1093. awkward	[形] 気まずい ぎこちない、やっかいな
1094. obese	[形] 肥満した
1095. pregnant	[形] 妊娠した 満ちている
1096. intimate	[形] 親密な 密接な
1097. medieval	[形] 中世の 時代遅れの
1098. sacred	[形] 神聖な 宗教的な、厳粛な
1099. simultaneously	[副] ～と同時に 一斉に
1100. versus	[前] A対B AかBか
1101. proceed	[動] 進む、進行する 続行する
1102. orient	[動] ～を慣らす （受身で）関心などが向いている
1103. surf	[動] インターネットの情報を見て回る サーフィンをする
1104. filter	[動] ～をろ過する、～を取り除く
1105. bind	[動] ～を縛る ～を束縛する、～を結び付ける
1106. resort	[動] 訴える、頼る
1107. reinforce	[動] ～を強化する ～を補強する
1108. accumulate	[動] ～を蓄積する、集める 積る
1109. bet	[動] ～と確信する、断言する （お金などを）かける
1110. advocate	[動] ～を主張する ～を擁護する
1111. constitute	[動] ～を構成する ～になる、～に等しい
1112. undertake	[動] ～を引き受ける ～を保証する、～に着手する
1113. grip	[動] ～を握る ～をとらえる
1114. dismiss	[動] （意見など）を退ける ～を解雇する
1115. fade	[動] 薄れる 衰える
1116. conceal	[動] ～を隠す ～を秘密にする
1117. chew	[動] かむ ～をかみ砕く
1118. swallow	[動] 飲み込む ～をうのみにする、～に耐える
1119. seal	[動] ～を密閉する ～に封をする
1120. migrate	[動] 移住する 鳥などが渡る
1121. exaggerate	[動] 誇張する ～を強調する
1122. accuse	[動] ～を非難する ～を告訴する
1123. vanish	[動] 消える
1124. polish	[動] ～を磨く ～を洗練させる
1125. wipe	[動] ～を拭く ～を拭きとる、～を消し去る
1126. sweep	[動] 掃く ～を一掃する、さっと通過する
1127. mislead	[動] ～を誤解させる、欺く ～を間違った方向へ導く
1128. spoil	[動] ～を台無しにする ～を甘やかす、だめになる
1129. compound	[動] ～を悪化させる ～を合成する、～を混合する
1130. explode	[動] 爆発する 急増する、～を論破する
1131. disgust	[動] ～をむかつかせる ～に愛想を尽かせる
1132. commute	[動] 通勤・通学する
1133. decorate	[動] ～を装飾する
1134. postpone	[動] ～を延期する
1135. cease	[動] ～をやめる 終わる
1136. compromise	[動] 妥協する ～を危うくする
1137. elect	[動] ～を選出する
1138. extract	[動] ～を取り出す ～を抜粋する
1139. inherit	[動] ～を受け継ぐ ～を相続する
1140. rear	[動] ～を育てる
1141. empathy	[名] 感情移入、共感
1142. cue	[名] 合図 手がかり
1143. enterprise	[名] 企業、事業 企画、進取の気性
1144. output	[名] 生産 出力、排出
1145. congress	[名] 議会 会議
1146. millennium	[名] １０００年間
1147. mankind	[名] 人類
1148. Muslim	[名] イスラム教徒
1149. estate	[名] 財産 私有地
1150. landmine	[名] 地雷
1151. caution	[名] 用心 警告
1152. controversy	[名] 論争
1153. consensus	[名] 総意 意見の一致
1154. retail	[名] 小売り
1155. fiber	[名] 繊維 本質、精神力
1156. scent	[名] よい香り 香水
1157. beverage	[名] 水以外の飲み物、飲料
1158. supplement	[名] 栄養補助剤、サプリメント 補足
1159. diabetes	[名] 糖尿病
1160. province	[名] 州、省 地方、分野
1161. reef	[名] 岩や砂の礁 暗礁
1162. microbe	[名] 微生物 細菌
1163. excess	[名] 過剰、超過
1164. gallery	[名] 美術館、画廊 観客、ギャラリー、回廊
1165. fame	[名] 名声
1166. deadline	[名] 締切
1167. undergraduate	[名] 学部学生
1168. slavery	[名] 奴隷制度 苦役
1169. prey	[名] 獲物 犠牲者
1170. mess	[名] 散らかった状態 混乱状態
1171. recession	[名] 不況 後退
1172. retreat	[名] 後退、退却 撤回
1173. grave	[名] 墓 死
1174. column	[名] コラム 欄、円柱、縦列
1175. scenery	[名] 景色 背景
1176. plot	[名] 小説などの筋 陰謀
1177. sculpture	[名] 彫刻
1178. tablet	[名] タブレット 錠剤、平板
1179. dense	[形] 密集した、密度の高い 霧などが濃い
1180. exotic	[形] 外来の 異国風の
1181. acid	[形] 酸性の 酸っぱい、辛辣な
1182. bitter	[形] 苦い、つらい 辛辣な、怒りっぽい
1183. sensible	[形] 賢明な 実用的な、顕著な
1184. noble	[形] 高貴な 堂々とした、高潔な
1185. vague	[形] 漠然とした、あいまいな おぼろげな
1186. parallel	[形] 平行の 類似した
1187. tense	[形] 張りつめた、緊張した
1188. vertical	[形] 垂直の 縦方向の
1189. indigenous	[形] 原産の、先住の 固有の
1190. aboriginal	[形] アボリジニの 原生の、先住の
1191. seasonal	[形] 季節の、季節的な
1192. abundant	[形] 豊富な ～に富む
1193. hybrid	[形] ハイブリッドの 雑種の、混成の
1194. irrelevant	[形] 無関係の 見当違いの
1195. ridiculous	[形] ばかげた 法外な
1196. fairy	[形] 妖精の
1197. sensory	[形] 感覚の
1198. chronic	[形] 慢性の 長引く、常習の
1199. voluntary	[形] 自発的な 無償の
1200. inclined	[形] 傾向がある、傾いた
1201. infer	［動］ ～を推論する、推測する
1202. esteem	［動］ ～を尊敬する ～を見なす
1203. tackle	［動］ ～に取り組む ～と話をつける
1204. venture	［動］ 危険を冒して進む ～を思い切ってする
1205. accelerate	［動］ ～を加速させる、促進する 加速する
1206. accustom	［動］ ～を慣れさせる
1207. amuse	［動］ ～をおもしろがらせる、楽しませる
1208. flourish	［動］ 繁栄する 繁茂する、～を振りかざす
1209. thrive	［動］ 繁栄する、うまくいく 繁茂する
1210. nurture	［動］ ～をはぐくむ ～を養成する
1211. click	［動］ クリックする ～をカチッと慣らす、カチッと音がする
1212. spin	［動］ 回転する ～を回転させる、糸をつむぐ
1213. clip	［動］ ～を切り抜く ～を切り取る、～をクリップで止める
1214. drag	［動］ ～を引きずる ぐずぐずする
1215. cast	［動］ ～を投じる ～に役を当てる
1216. scatter	［動］ ～をまき散らす 分散する
1217. tempt	［動］ ～を気にさせる ～を引き付ける
1218. withdraw	［動］ ～を引き出す ～を撤回する、撤退する
1219. yawn	［動］ あくびをする
1220. blink	［動］ まばたきする 点滅する、目をまたたく
1221. dye	［動］ ～を染める 染まる
1222. spill	［動］ ～をこぼす こぼれる
1223. irritate	［動］ ～をいらいらさせる ～をひりひりさせる
1224. insult	［動］ ～を侮辱する
1225. enforce	［動］ ～を実施する ～に強制する
1226. rob	［動］ ～から奪う
1227. drain	［動］ ～を流出させる 液体が流れ出る
1228. suspend	［動］ ～を停職にする ～を一時的に中断する
1229. drift	［動］ 漂う さまよう、～を押し流す
1230. forgive	［動］ ～を許す ～を免除する
1231. revise	［動］ ～を修正する ～を改訂する
1232. recruit	［動］ ～を募る ～に新人を補充する
1233. twist	［動］ ～をねじる、ひねる ～を歪曲する
1234. crush	［動］ ～を押しつぶす ～を弾圧する、～を絞り出す
1235. pin	［動］ ～をピンでとめる ～を突き刺す
1236. uncover	［動］ ～を暴く ～を発掘する
1237. exploit	［動］ ～を活用する ～を搾取する、～につけこむ
1238. implement	［動］ ～を実行する
1239. integrate	［動］ ～を統合する 融合する
1240. incorporate	［動］ ～を取り入れる ～を法人にする、合併する
1241. profile	［名］ 人物の紹介 横顔、輪郭
1242. appetite	［名］ 食欲 欲求
1243. impulse	［名］ 衝動 刺激
1244. script	［名］ 台本 筆跡
1245. anniversary	［名］ 記念日
1246. pension	［名］ 年金
1247. temper	［名］ 気質、気性 機嫌、癇癪
1248. cortex	［名］ 皮質 樹皮
1249. syndrome	［名］ 症候群 ～現象
1250. chamber	［名］ 部屋 議場、議院
1251. utility	［名］ 公共事業 公共料金、実用性
1252. cattle	［名］ 牛
1253. herd	［名］ 牛などの群れ 群衆
1254. fluid	［名］ 流動体、液体
1255. pity	［名］ 残念なこと 憐み
1256. priest	［名］ 聖職者
1257. acquaintance	［名］ 知人 面識、知識
1258. offspring	［名］ 子孫、子 成果
1259. famine	［名］ 飢饉
1260. deforestation	［名］ 森林伐採
1261. jail	［名］ 刑務所、拘置所
1262. commodity	［名］ 商品 有用なもの
1263. format	［名］ 書式、形式 本などの型
1264. recipient	［名］ 受け取る人 被提供者
1265. drill	［名］ 訓練 練習、ドリル、錐
1266. inability	［名］ 無能、無力
1267. republic	［名］ 共和国 共和制
1268. combat	［名］ 戦闘 対立
1269. debris	［名］ 破壊された後の残骸、瓦礫 がらくた
1270. bug	［名］ 病原菌 虫、盗聴器、欠陥
1271. fraction	［名］ わずか、一部 分数
1272. index	［名］ 指標 索引、指数
1273. intuition	［名］ 直感、直観
1274. motive	［名］ 動機
1275. consent	［名］ 同意、承諾
1276. hierarchy	［名］ 社会の階層性 支配層
1277. monument	［名］ 記念碑、遺跡 金字塔
1278. asset	［名］ 資産 価値のあるもの、利点
1279. decent	［形］ まずまずの きちんとした、上品な
1280. competent	［形］ 有能な 適任の、満足できる
1281. straightforward	［形］ 単純な 率直な
1282. cosmetic	［形］ 化粧の、美容の うわべの
1283. delicate	［形］ 繊細な 扱いにくい、もろい
1284. interior	［形］ 室内の 内部の
1285. transparent	［形］ 透明な 明快な
1286. aesthetic	［形］ 美的な 美学の
1287. deliberate	［形］ 故意の 慎重な
1288. demographic	［形］ 人口統計学の
1289. prehistories	［形］ 有史以前の 旧式な
1290. innate	［形］ 生まれながらの 固有の
1291. mild	［形］ 穏やかな 軽い
1292. toxic	［形］ 有害な 中毒性の
1293. ashamed	［形］ 恥じて
1294. humble	［形］ 謙虚な 質素な、身分が低い
1295. peculiar	［形］ 特有の 特異な
1296. steep	［形］ 傾斜が急な 急激な、法外な
1297. trivial	［形］ ささいな、とるに足りない
1298. magnificent	［形］ 壮大な 見事な
1299. wireless	［形］ 無線の、ラジオの
1300. ongoing	［形］ 継続している、進行中の
1301. assure	［動］ ～に自信をもって言う ～を保証する
1302. precede	［動］ ～に先行する ～に優先する
1303. revive	［動］ ～を復活させる 復活する
1304. compel	［動］ ～に強いる
1305. blossom	［動］ 花が咲く 発展する
1306. terrify	［動］ ～を怖がらせる ～を脅かす
1307. violate	［動］ ～に違反する ～を侵害する
1308. suppress	［動］ ～を抑える ～を抑圧する
1309. deceive	［動］ ～をだます
1310. manipulate	［動］ ～を操る ～を改ざんする
1311. starve	［動］ 飢える 渇望する、～を飢えさせる
1312. flee	［動］ 逃げる
1313. whisper	［動］ ささやく
1314. yell	［動］ 叫ぶ、どなる
1315. deposit	［動］ ～を置く ～を預ける、～を堆積させる
1316. confine	［動］ ～を限定する
1317. swing	［動］ ～を揺らす、振る 揺れる、さっと移る
1318. prolong	［動］ ～を長引かせる
1319. depict	［動］ ～を描く
1320. outline	［動］ ～の要点を述べる ～の輪郭を描く
1321. shed	［動］ ～を捨て去る ～を放つ、～を流す
1322. emit	［動］ ～を出す、排出する 信号を送る
1323. renew	［動］ ～を更新する ～を再生する
1324. utilize	［動］ ～を利用する
1325. assert	［動］ ～を主張する
1326. strain	［動］ ～に負担をかける ～を緊張させる、～を漉す
1327. strive	［動］ 努力する 争う
1328. dare	［動］ あえて～する
1329. boast	［動］ ～を誇る 自慢する
1330. startle	［動］ ～をびっくりさせる
1331. offend	［動］ ～の気分を害する 違反する
1332. compute	［動］ 計算する コンピューターを使う
1333. assemble	［動］ ～を集める ～を組み立てる、集まる
1334. worsen	［動］ ～を悪化させる 悪化する
1335. flip	［動］ ～を裏返す ～を軽くはじく
1336. rub	［動］ こする 塗る
1337. descend	［動］ 降りる 受け継がれる
1338. compensate	［動］ 補償する ～に償う
1339. comprise	［動］ ～から成る ～を構成する
1340. prevail	［動］ 普及している 支配的である、～に打ち勝つ
1341. quest	［名］ 探求
1342. dignity	［名］ 尊厳 威厳
1343. criterion	［名］ 基準
1344. paradox	［名］ 逆説 矛盾
1345. parliament	［名］ 議会 国会議員
1346. legislation	［名］ 法律 立法
1347. agenda	［名］ 協議事項 議事日程、政治上の課題
1348. mainstream	［名］ 主流 大勢
1349. troop	［名］ 軍団 集団
1350. epidemic	［名］ 流行病 蔓延
1351. outbreak	［名］ 発生、勃発
1352. chaos	［名］ 混沌、大混乱
1353. nightmare	［名］ 悪夢 不安感
1354. horror	［名］ 恐怖 強い嫌悪、いやなもの
1355. cluster	［名］ 集団 植物の房、束
1356. pollen	［名］ 花粉
1357. hive	［名］ ミツバチの巣 人の集まるところ
1358. irrigation	［名］ 灌漑
1359. dose	［名］ 薬の1回の服用量 放射線の1回の照射
1360. suicide	［名］ 自殺 自殺行為
1361. feast	［名］ 祝宴 大ごちそう、楽しみ
1362. cuisine	［名］ 料理 料理法
1363. rumor	［名］ うわさ
1364. proverb	［名］ ことわざ
1365. signature	［名］ 署名 特徴
1366. formula	［名］ 方法、解決策 公式
1367. tuition	［名］ 授業料 個人指導
1368. intake	［名］ 摂取量 受け入れ数、取り入れること
1369. spectrum	［名］ スペクトル 波動、変動の範囲
1370. kidney	［名］ 腎臓
1371. gear	［名］ 用具、器具 歯車、ギア
1372. aisle	［名］ 座席間の通路
1373. grief	［名］ 深い悲しみ
1374. destiny	［名］ 運命
1375. skull	［名］ 頭骨、頭蓋骨 頭脳
1376. tomb	［名］ 墓
1377. monk	［名］ 修道士、僧
1378. worship	［名］ 崇拝、礼拝 賛美
1379. outstanding	［形］ 際立った 未払いの、未解決の
1380. unprecedented	［形］ 前例のない 空前の
1381. infinite	［形］ 無限の 無数の
1382. worthwhile	［形］ 価値がある 立派な
1383. indispensable	［形］ 不可欠な
1384. compulsory	［形］ 義務的な、強制的な
1385. probable	［形］ 十分にありそうな
1386. ambiguous	［形］ あいまいな 多義的な
1387. obscure	［形］ 知られていない 不明瞭な
1388. skeptical	［形］ 懐疑的な
1389. fragile	［形］ 壊れやすい 虚弱な
1390. static	［形］ 静的な 動きのない
1391. gradual	［形］ 徐々の、緩やかな
1392. vocal	［形］ 声の、発声の はっきりものを言う
1393. vivid	［形］ 鮮やかな
1394. imperial	［形］ 帝国の 皇帝の
1395. hostile	［形］ 敵意のある 敵の
1396. superficial	［形］ 表面的な
1397. scarce	［形］ 乏しい 珍しい
1398. gross	［形］ 総計の 甚だしい、粗野な
1399. inherent	［形］ 生来の、本来的に備わっている
1400. notable	［形］ 注目に値する 著名な
1401. update	[動] ～を最新のものにする ～をアップデートする
1402. refresh	[動] ～をさわやかにする ～を新たにする、～を最新のものにする
1403. bloom	[動] 花が咲く 栄える
1404. conquer	[動] ～を征服する ～を克服する
1405. induce	[動] ～を引き起こす ～を説得する
1406. attain	[動] ～を獲得する、達成する ～に達する
1407. spray	[動] ～を吹きかける、～に吹き付ける
1408. retrieve	[動] ～を検索する ～を取り戻す、～を回復する
1409. portray	[動] ～を描く ～を演じる
1410. scratch	[動] ～を引っかく ～を取り消す、削除する
1411. designate	[動] ～を指定する ～を任命する
1412. contradict	[動] ～と矛盾する ～に反対意見を言う
1413. sigh	[動] ため息をつく
1414. disrupt	[動] ～を混乱させる ～を分裂させる
1415. depart	[動] 出発する それる
1416. navigate	[動] 誘導する 操縦する、航行する
1417. beg	[動] ～に切に頼む 懇願する
1418. inhabit	[動] ～に住んでいる ～に宿る、存する
1419. diagnose	[動] 診断する
1420. comprehend	[動] ～を理解する
1421. oblige	[動] ～に義務付ける ～に恩恵を施す
1422. cram	[動] ～に詰め込む 詰め込み勉強をする
1423. flock	[動] 群がる、集まる
1424. underestimate	[動] 過小評価する 軽く見る、～を少なく見積もる
1425. clarify	[動] ～を明確にする
1426. spark	[動] ～を引き起こす ～を刺激する、スパークする
1427. seize	[動] ～をつかむ ～を奪い取る、～を没収する
1428. soar	[動] 急上昇する 空高く飛ぶ
1429. glow	[動] 光り輝く 赤く燃える、紅潮する
1430. disguise	[動] ～に変装させる ～を偽る
1431. distort	[動] ～を歪める ゆがむ
1432. undermine	[動] ～を徐々に蝕む ～を侵食する
1433. abolish	[動] ～を廃止する
1434. strip	[動] ～を取り去る ～を裸にする
1435. dispose	[動] ～を処分する ～を...する気にさせる
1436. dump	[動] ～を投棄する ～をどさっと落とす
1437. weave	[動] ～を織る ～を作り上げる
1438. refine	[動] ～を洗練する ～を精製する
1439. enrich	[動] ～を豊かにする ～を濃縮化する
1440. coordinate	[動] ～を調整する ～を組織する、コーディネートする
1441. headline	[名] 見出し
1442. internship	[名] 実務研修 研修期間
1443. outlet	[名] 直売店、特売店 はけ口、コンセント
1444. remedy	[名] 治療 治療薬、解決法
1445. pill	[名] 錠剤、丸薬 ピル、経口避妊薬
1446. reception	[名] 反応 宴会、受付、受信
1447. transaction	[名] 取引 交流
1448. mutation	[名] 突然変異 変化
1449. dairy	[名] 乳製品 乳製品加工所
1450. compassion	[名] 同情
1451. posture	[名] 姿勢 心構え
1452. curse	[名] 悪態、ののしり言葉 呪い、災い
1453. funeral	[名] 葬式
1454. census	[名] 国勢調査 交通調査
1455. encyclopedia	[名] 百科事典
1456. cereal	[名] 穀物 シリアル
1457. fragment	[名] 断片
1458. patch	[名] 部分、斑点 継ぎ、貼り薬
1459. rubbish	[名] ごみ つまらないもの
1460. maze	[名] 迷路 複雑に込み入ったもの
1461. outlook	[名] 見解 見通し、眺め
1462. breakthrough	[名] 大発見、飛躍的進歩
1463. triumph	[名] 勝利 勝利の喜び、偉業
1464. ally	[名] 同盟国 提携者、援助者、盟友
1465. spectator	[名] 観客
1466. sphere	[名] 領域 球体、天体
1467. county	[名] 郡 州
1468. behalf	[名] 利益、味方
1469. interval	[名] 間隔 合間、隔たり、小休止
1470. circulation	[名] 循環 流通、発行部数
1471. blade	[名] 刃 プロペラの羽根、草などの葉
1472. theft	[名] 窃盗
1473. vacuum	[名] 真空 空虚
1474. collision	[名] 衝突 対立
1475. bargain	[名] 買い得品 取引、契約
1476. landmark	[名] 目印 画期的な出来事
1477. revenue	[名] 歳入
1478. treaty	[名] 条約 協定
1479. supreme	[形] 最高の
1480. thorough	[形] 徹底的な まったくの
1481. naked	[形] 裸の
1482. sincere	[形] 心からの 誠実な
1483. tame	[形] 飼いならされた、人に慣れた 退屈な
1484. insufficient	[形] 不十分な 不適当な
1485. dim	[形] 薄暗い ぼんやりした
1486. acute	[形] 激しい 鋭い、急性の
1487. disabled	[形] 障害のある 障害者用の
1488. metropolitan	[形] 大都市の、首都圏の
1489. monetary	[形] 金銭的な 金融の
1490. alternate	[形] 代わりの 交互の
1491. partial	[形] 部分的な 不公平な
1492. divine	[形] 神の 神にささげる
1493. drastic	[形] 徹底的な、抜本的な 極端な
1494. fierce	[形] 猛烈な 獰猛な
1495. sole	[形] 唯一の 単独の、独占的な
1496. spontaneous	[形] 自然発生的な 自発的な
1497. spatial	[形] 空間の
1498. neat	[形] きちんとした 見事な
1499. tidy	[形] きちんとした、整頓された 相当の
1500. loyal	[形] 忠実な 誠実な
1501. bless	[動] ～に恩恵を与える ～に感謝する
1502. regain	[動] ～を取り戻す
1503. conform	[動] 順応する 一致する
1504. enroll	[動] 登録する、入会する ～を登録させる
1505. entitle	[動] ～に権利を与える ～に題名をつける
1506. halt	[動] ～を止める 止まる
1507. provoke	[動] ～を引き起こす ～を挑発する
1508. invade	[動] ～を侵略する ～を侵害する、～に殺到する
1509. squeeze	[動] 押し入る ～を押し込む、搾る、強く押す
1510. crawl	[動] はう ゆっくり進む
1511. digest	[動] ～を消化する ～を理解する、～を要約する
1512. utter	[動] ～を発する ～を述べる
1513. refrain	[動] 控える
1514. populate	[動] ～に住む、～の住民である ～に人を住まわせる
1515. accommodate	[動] ～を収容する ～を適応させる
1516. steer	[動] 操縦する ～を向ける
1517. drown	[動] 溺死する ～を水浸しにする
1518. dip	[動] ～を浸す 突っ込む、下がる
1519. soak	[動] ～を浸す ～をずぶぬれにする、浸る
1520. stir	[動] ～をかき回す ～を揺り動かす
1521. transplant	[動] ～を移植する ～を移住させる
1522. reassure	[動] ～を安心させる
1523. resume	[動] 再開する ～を取り戻す
1524. speculate	[動] 推測する 投機する
1525. surpass	[動] ～を上回る
1526. appoint	[動] ～を任命する ～を指定する
1527. intrigue	[動] ～に興味を持たせる 陰謀を企てる
1528. decay	[動] 腐敗する 衰える
1529. contaminate	[動] ～を汚染する ～を墜落させる
1530. swell	[動] 膨張する、腫れる ～を膨らませる
1531. delete	[動] ～を削除する、消す
1532. tolerate	[動] ～を許容する、我慢する
1533. envy	[動] ～をうらやむ
1534. pray	[動] 祈る
1535. confess	[動] 告白する
1536. resign	[動] 辞任する ～を放棄する
1537. dissolve	[動] 溶かす ～を解放する、～を解消する、溶ける
1538. unfold	[動] ～を開く ～を明らかにする、開く、明らかになる
1539. awaken	[動] ～を目覚めさせる 覚める
1540. conceive	[動] 思いつく ～と想像する、妊娠する
1541. entrepreneur	[名] 起業家、事業家
1542. stake	[名] 利害関係 掛け金、杭
1543. surplus	[名] 余剰、過剰 黒字
1544. inflation	[名] インフレーション 物価の高騰
1545. sweatshop	[名] 搾取工場
1546. clash	[名] 衝突 対立、かち合うこと、ガチャンという音
1547. sociology	[名] 社会学
1548. ideology	[名] イデオロギー、思想傾向
1549. margin	[名] 余白 差、利ざや
1550. realm	[名] 領域 領土
1551. domain	[名] 分野 領域、ドメイン
1552. algorithm	[名] アルゴリズム 問題解決の手順
1553. prairie	[名] 大草原
1554. frontier	[名] 最先端 辺境地、国境
1555. bullet	[名] 銃弾
1556. shield	[名] 盾、防御物
1557. despair	[名] 絶望
1558. radiation	[名] 放射能、放射線
1559. placebo	[名] 偽薬、プラシーボ 気休め
1560. nursery	[名] 託児所 苗床
1561. spouse	[名] 配偶者
1562. makeup	[名] 化粧 化粧品、構成、性質
1563. mummy	[名] ミイラ ママ、お母さん
1564. flesh	[名] 肉 果肉
1565. limb	[名] 手足
1566. odor	[名] におい 気配
1567. laundry	[名] 洗濯 クリーニング店
1568. tide	[名] 潮、潮の干満 動向
1569. questionnaire	[名] アンケート
1570. nonsense	[名] ばかげたもの 無意味な言葉
1571. revenge	[名] 復讐
1572. intellect	[名] 知性 知識人
1573. hospitality	[名] 親切なもてなし、歓待 受容性
1574. librarian	[名] 司書、図書館員
1575. manuscript	[名] 原稿 写本
1576. obsession	[名] とりつかれること 妄想、脅迫観念
1577. hygiene	[名] 衛生、衛生状態 健康法
1578. paradigm	[名] 理論的枠組み、パラダイム 模範
1579. legitimate	[形] 合法的な 妥当な
1580. authentic	[形] 本物の 信頼できる
1581. empirical	[形] 経験的な 経験主義の
1582. immense	[形] 膨大な
1583. absurd	[形] ばかげた 不合理な
1584. weird	[形] 異様な、奇妙な
1585. accidental	[形] 偶然の 過失による
1586. uneasy	[形] 不安な 落ち着かない、ぎこちない
1587. jealous	[形] 嫉妬深い 用心深い
1588. feminine	[形] 女らしい
1589. swift	[形] 素早い
1590. hollow	[形] 空洞の 空虚な、うわべだけの
1591. crude	[形] 大まかな 粗野な、未精製の
1592. sore	[形] 痛い 痛がって
1593. pessimistic	[形] 悲観的な
1594. vain	[形] 無駄な うぬぼれた
1595. susceptible	[形] 影響をうけやすい 感染しやすい
1596. edible	[形] 食用の、食べられる
1597. sheer	[形] 純然たる、真の すごい、薄地の
1598. explicit	[形] 明白な 率直な
1599. prone	[形] なりやすい 傾向がある
1600. affluent	[形] 裕福な 豊富な
1601. collaborate	[動] 共同して働く 協力する
1602. exert	[動] ～を及ぼす ～を行使する
1603. excel	[動] 秀でている ～に勝る
1604. prosper	[動] 栄える、成功する 繁殖する
1605. surge	[動] 殺到する こみ上げる、急騰する
1606. intervene	[動] 介入する 介在する
1607. insert	[動] ～を挿入する
1608. overtake	[動] ～を追い抜く ～に追いつく、～を襲う
1609. snap	[動] ～をパチンと鳴らす ～をポキッと折る
1610. carve	[動] ～を彫る 肉を切り分ける
1611. addict	[動] 中毒になる（受身形） 凝る
1612. condemn	[動] ～を非難する 宣告される
1613. convict	[動] ～に有罪を宣告する
1614. dictate	[動] ～を指図する ～を書き取らせる、～を規定する
1615. prescribe	[動] ～を処方する ～を規定する
1616. inhibit	[動] ～を抑制する ～を妨げる
1617. stray	[動] はぐれる、迷う
1618. roam	[動] 歩き回る 放浪する
1619. enclose	[動] ～を同封する ～を取り囲む
1620. execute	[動] ～を実行する ～を処刑する
1621. coincide	[動] 同時に起こる 一致する
1622. lag	[動] 遅れる 徐々に弱まる
1623. cling	[動] しがみつく くっつく
1624. erase	[動] ～を消す
1625. grind	[動] 穀物などを挽く
1626. knit	[動] ～を編む ～を結合する、編み物をする
1627. inquire	[動] 尋ねる
1628. betray	[動] ～をうっかり表す ～を裏切る
1629. leak	[動] 漏れる ～を漏らす
1630. smash	[動] ～を粉砕する ～を強打する、粉々に壊れる、激突する
1631. bounce	[動] 跳ねる 反射する、～を弾ませる
1632. sprawl	[動] 不規則に広がる だらしなく手足を伸ばす
1633. converse	[動] 会話をする
1634. recite	[動] ～を暗唱する ～を詳述する
1635. disregard	[動] ～を無視する ～を軽視する
1636. frown	[動] 眉をひそめる
1637. evoke	[動] ～を呼び起こす
1638. pledge	[動] ～を誓う、約束する ～を与えることを約束する
1639. aspire	[動] 熱望する
1640. contemplate	[動] 熟考する ～を予想する
1641. grace	[名] 優美、優雅 分別、恩寵
1642. enlightenment	[名] 啓蒙、啓発
1643. commerce	[名] 商業 貿易
1644. draft	[名] 下書き 為替手形、隙間風
1645. barrel	[名] バレル たる
1646. timber	[名] 木材 樹木
1647. garment	[名] 衣服
1648. thread	[名] 糸 筋道
1649. cabinet	[名] 内閣 戸棚
1650. bureau	[名] 官庁の局 事務所、案内所
1651. autonomy	[名] 自律 自治、自治体
1652. toll	[名] 損害 死傷者数、通行料
1653. discourse	[名] 話し合い、会話 講演、演説
1654. superstition	[名] 迷信
1655. glimpse	[名] ちらりと見えること
1656. arithmetic	[名] 計算 算数
1657. glossary	[名] 用語小辞典 用語集
1658. archive	[名] 記録文書、公文書 公文書保管所、アーカイブ
1659. legacy	[名] 遺産
1660. anthropology	[名] 人類学
1661. rage	[名] 激怒 猛威
1662. sorrow	[名] 悲しみ
1663. psychiatrist	[名] 精神科医
1664. ward	[名] 行政区 病棟
1665. stall	[名] 露店 エンスト、失速
1666. flame	[名] 炎 情熱
1667. moisture	[名] 水分 湿気
1668. irony	[名] 皮肉
1669. warrior	[名] 戦士
1670. astronomy	[名] 天文学
1671. probe	[名] 宇宙探査機 精査、探り針
1672. altitude	[名] 高度、標高
1673. tumor	[名] 腫瘍 腫れもの
1674. defect	[名] 欠陥 不足
1675. sanitation	[名] 公衆衛生
1676. longevity	[名] 長寿 寿命、長年勤続
1677. scope	[名] 範囲 余地
1678. sentiment	[名] 感情 感傷、感想
1679. plausible	[形] もっともらしい
1680. vigorous	[形] 精力的な 激しい、活力のある
1681. masculine	[形] 男らしい
1682. rigid	[形] 厳しい 硬直した
1683. adverse	[形] 不都合な 逆の
1684. coherent	[形] 一貫した、筋の通った 結束した
1685. literal	[形] 文字通りの 逐語的な、散文的な
1686. arbitrary	[形] 恣意的な 独断的な
1687. anonymous	[形] 匿名の
1688. antique	[形] 骨董の、アンティークの 古風な
1689. eternal	[形] 永遠の 普遍の
1690. intermediate	[形] 中級の 中間の
1691. subordinate	[形] 下位の 副次的な
1692. gloomy	[形] 陰気な 薄暗い、悲観的な
1693. thermal	[形] 熱の、熱による 保温用の
1694. faint	[形] かすかな めまいがする、弱弱しい
1695. naive	[形] お人よしの、愚直な 純朴な
1696. apt	[形] 傾向がある 適切な、利発な
1697. arrogant	[形] 横柄な、傲慢な
1698. extrovert	[形] 外交的な 社交的な
1699. conspicuous	[形] 目立つ
1700. intact	[形] 損なわれていない、手つかずの
1701. embody	[動] ～を具現する ～を包含する
1702. illuminate	[動] ～を照らす ～を解明する
1703. console	[動] ～を慰める
1704. verify	[動] ～の正しさを証明する
1705. disclose	[動] ～を公表する、暴く
1706. stack	[動] ～を積む、積み重ねる 渋滞する
1707. rotate	[動] 回転する 循環する、～を回転させる
1708. constrain	[動] ～に強いる ～を抑える
1709. hinder	[動] ～を妨げる
1710. withstand	[動] ～に耐える
1711. tweet	[動] ツイートする、つぶやく
1712. sneeze	[動] くしゃみをする
1713. erupt	[動] 噴火する 勃発する
1714. blur	[動] ～をぼかす ～を曇らせる、～をあいまいにする
1715. overlap	[動] 重なる 重複する
1716. embed	[動] 埋め込まれる（受身）
1717. displace	[動] ～にとって代わる ～を移動させる
1718. render	[動] ～をある状態にする ～を与える
1719. plunge	[動] 突っ込む 没頭する、陥る
1720. surrender	[動] ～を放棄する、引き渡す 屈する
1721. plug	[動] ～のプラグを電源に差し込む ～をふさぐ
1722. suck	[動] 吸う しゃぶる
1723. mock	[動] ～をばかにする ～のまねをしてからかう
1724. tease	[動] からかう ～をいじめる
1725. soothe	[動] ～をなだめる ～を和らげる
1726. stain	[動] ～を汚す ～に着色する
1727. shun	[動] ～を避ける
1728. stumble	[動] よろけながら歩く つまずく
1729. flush	[動] ～を紅潮させる ～を水で流す、紅潮する
1730. impair	[動] ～を損なう
1731. presume	[動] ～と思う ～と推定する、～を前提とする
1732. contend	[動] ～と主張する 競う
1733. roar	[動] うなる、ほえる 大笑いする
1734. haunt	[動] ～につきまとう ～に出る、～によく行く
1735. divert	[動] ～をそらす ～を迂回させる、～を転用する
1736. await	[動] ～を待つ
1737. fetch	[動] ～を持ってくる
1738. unify	[動] ～を統合する 統一される
1739. inspect	[動] ～を点検する ～を観察する
1740. entail	[動] ～を伴う、引き起こす 含む
1741. tactics	[名] 作戦、方策 戦術、戦法
1742. feat	[名] 偉業、鉱石 妙技
1743. prestige	[名] 名声 名声のある
1744. analogy	[名] 類推 類似
1745. conscience	[名] 良心 分別
1746. textile	[名] 織物 繊維
1747. deficit	[名] 赤字、不足 欠陥
1748. plague	[名] 疫病 異常発生
1749. hazard	[名] 危険 偶然
1750. metabolism	[名] 新陳代謝、代謝作用
1751. paralysis	[名] 麻痺
1752. grid	[名] 供給網 格子模様、碁盤目
1753. carriage	[名] 馬車 車両、立ち居振る舞い、輸送
1754. friction	[名] 不和 摩擦
1755. rebel	[名] 反逆者
1756. regime	[名] 政権、政体 体制
1757. monopoly	[名] 独占
1758. staple	[名] 必需食品 主要産物
1759. merchandise	[名] 商品
1760. vendor	[名] 物売り、行商人 自動販売機
1761. supervisor	[名] 監督者 指導教員
1762. predecessor	[名] 前任者 前のもの
1763. personnel	[名] 職員、社員
1764. vessel	[名] 船舶 容器、脈管
1765. liver	[名] 肝臓
1766. duration	[名] 継続、持続
1767. certificate	[名] 証明書 免許状
1768. geometry	[名] 幾何学
1769. symmetry	[名] 左右対称 調和
1770. biography	[名] 伝記
1771. masterpiece	[名] 傑作
1772. rhyme	[名] 押韻詩 韻、詩歌
1773. premium	[名] 保険料 プレミア、景品
1774. breakdown	[名] 崩壊 衰弱、故障、内訳
1775. courtesy	[名] 礼儀正しさ 好意、優遇
1776. protocol	[名] 議定書 外交儀礼、プロトコル
1777. specimen	[名] 標本 実例
1778. thesis	[名] 論文 命題、テーゼ
1779. eligible	[形] 適格の、資格のある 望ましい
1780. intrinsic	[形] 固有の、本質的な
1781. diligent	[形] 勤勉な 入念な
1782. vocational	[形] 職業の、職業訓練の
1783. bankrupt	[形] 破産宣告を受けた 破たんしている
1784. stern	[形] 厳しい いかめしい
1785. stubborn	[形] 頑固な、強情な 手におえない
1786. maternal	[形] 母の、母親らしい 妊婦の
1787. fertile	[形] 肥沃な 多産の
1788. ripe	[形] 熟した 成熟した
1789. stiff	[形] 硬直した、凝った 堅い
1790. obsolete	[形] 廃れた、使わなくなった 古くなった
1791. vacant	[形] 空いている
1792. acoustic	[形] 音響の 聴覚の、アコースティックの
1793. preliminary	[形] 予備の、準備の
1794. approximate	[形] おおよその
1795. implicit	[形] 暗然の
1796. punctual	[形] 時間を守る
1797. compatible	[形] 矛盾しない
1798. ample	[形] 十分すぎるほどの 広い
1799. pervasive	[形] 隅々に広がった 浸透する、充満する
1800. ubiquitous	[形] いたるところにある
1801. deduce	[動] ～を推測する、演繹する
1802. simulate	[動] ～を模擬実験する ～を装う、～をまねる
1803. merge	[動] 合併する ～を融合させる、溶け込む
1804. penetrate	[動] 浸透する 進出する、貫く、見抜く
1805. cater	[動] 料理をまかなう 要望などに応える
1806. assault	[動] ～に暴行する ～を攻撃する
1807. torture	[動] ～を拷問にかける ～を苦しめる
1808. bleed	[動] 出血する
1809. erect	[動] ～を建てる ～を直立させる
1810. cherish	[動] ～を大切にする ～を心に抱く
1811. arouse	[動] ～を引き起こす ～を目覚めさせる
1812. doom	[動] 運命にある
1813. mourn	[動] 悼む 嘆く
1814. dread	[動] ～をひどく恐れる
1815. nourish	[動] ～に栄養を与える ～をはぐくむ
1816. inject	[動] ～に注射する、注入する ～を導入する
1817. swear	[動] ののしる 誓う
1818. bid	[動] ～の値をつける 挨拶を述べる
1819. corrupt	[動] ～を墜落させる ～を買収する、墜落する
1820. preoccupy	[動] ～の心を奪う、～を夢中にさせる
1821. browse	[動] 拾い読みする 閲覧する、見て歩く
1822. compile	[動] ～を編集する ～をまとめる
1823. allocate	[動] ～を割り当てる、分配する
1824. offset	[動] ～を相殺する、埋め合わせる ～をオフセット印刷する
1825. restrain	[動] ～を制止する ～を規制する
1826. comply	[動] 従う、応じる
1827. expire	[動] 期限が切れる
1828. embark	[動] 乗り出す 乗船する
1829. flap	[動] パタパタ動く 羽ばたく、～をパタパタ動かす
1830. furnish	[動] ～に備え付ける
1831. forge	[動] ～を偽造する ～を築く、～を鍛造する
1832. thrust	[動] ～を押し付ける ～を突き刺す、押し進む
1833. dispatch	[動] ～を派遣する ～を発送する、～を処理する
1834. resent	[動] ～に憤慨する
1835. reconcile	[動] ～を一致させる ～を和解させる
1836. allege	[動] ～を主張する
1837. oppress	[動] ～を抑圧、迫害する ～を悩ませる
1838. expel	[動] ～を追放する ～を吐き出す
1839. ascend	[動] 上がる
1840. commence	[動] 始まる ～を開始する、～し始める
1841. advent	[名] 出現、到来
1842. reign	[名] 治世 統治
1843. diplomacy	[名] 外交
1844. embassy	[名] 大使館 大使一行
1845. exile	[名] 亡命 国外追放
1846. refuge	[名] 避難 保護
1847. plight	[名] 窮状 悪い状態
1848. solitude	[名] ひとりでいること 孤独
1849. fallacy	[名] 誤った考え、誤信 錯誤
1850. latitude	[名] 緯度 許容範囲
1851. eclipse	[名] 日食、月食などの食 失墜
1852. basin	[名] 流域 盆地、海盆、洗面器
1853. erosion	[名] 侵食 衰退
1854. archaeology	[名] 考古学
1855. errand	[名] 使い、使い走り 要件
1856. mercy	[名] 慈悲 幸運
1857. rhetoric	[名] 修辞法 美辞麗句
1858. verse	[名] 韻文 詩
1859. congestion	[名] 混雑
1860. sewage	[名] 下水
1861. complement	[名] 補完物、補足 補語
1862. subsidy	[名] 補助金 報奨金
1863. mortgage	[名] 住宅ローン 抵当
1864. attorney	[名] 弁護士 代理人
1865. outfit	[名] 衣装一式 装備一式、組織
1866. bulk	[名] 大半 大きさ、大量
1867. reunion	[名] 再会 再結合
1868. synthesis	[名] 合成 総合
1869. mold	[名] 鋳型 鋳物、性格、かび
1870. thirst	[名] 渇き 渇望
1871. greed	[名] 強欲
1872. bribe	[名] 賄賂
1873. contempt	[名] 軽蔑 恥辱
1874. texture	[名] 感触、手触り 本質、質感
1875. orphan	[名] 孤児
1876. harassment	[名] 嫌がらせ、ハラスメント
1877. hay	[名] 干し草
1878. doctrine	[名] 教義 政策上の主義
1879. holistic	[形] 全体論の ホリスティックの
1880. liable	[形] しがちな 受けやすい、責任がある
1881. earnest	[形] まじめな、熱心な
1882. intelligible	[形] 簡単に理解できる
1883. abrupt	[形] 突然の
1884. reckless	[形] 無謀な 顧みない
1885. furious	[形] 激怒した 猛烈な
1886. eloquent	[形] 雄弁な 説得力のある
1887. juvenile	[形] 青少年の
1888. notorious	[形] 悪名高い
1889. timid	[形] 臆病な 内気な
1890. humid	[形] 湿気のある
1891. contagious	[形] 感染症の 病気を伝染する
1892. cynical	[形] 冷笑的な、皮肉な
1893. dumb	[形] ばかげた 口のきけない、無言の
1894. monotonous	[形] 単調な
1895. perpetual	[形] 永続的な ひっきりなしの
1896. dizzy	[形] めまいがする 当惑した
1897. weary	[形] 疲れ果てた うんざりした
1898. numb	[形] 麻痺した、無感覚な 呆然とした
1899. mortal	[形] 致命的な 死すべき
1900. zealous	[形] 熱心な