Let's try 【anyway】.	【とにかく】やってみよう。
We are ready to 【ship】 your order.	注文を【出荷する】準備ができました。
【attend】 a workshop.	研修会に【参加する】
The event was 【successful】.	そのイベントは【成功だった】。
a new 【employee】 at Tex Corporation	テックス社の新入【社員】
Our business is 【expand】ing.	当社の事業は【拡大しています】。
one free 【copy】 of the book	無料の本一【冊】
The hotel is 【close】 to the airport.	そのホテルは空港に【近い】。
a 【weekly】 magazine	【週刊】誌
I 【prefer】 to work part-time.	私はパートタイムで働く【方が好きです】。
Please 【sign】 in at the front desk.	受付で【署名して】ください。
Let's take a 【break】.	【休憩】しましょう。
an important 【document】	重要な【書類】
the third 【quarter】	第3【四半期】
a 【department】 head	【部門】長
【accept】 an offer	オファーを【受け入れる】
【allow】 employees to use company vehicles	従業員に社用車の使用を【許す】
a 【connect】ing flight	【乗り継ぎ】便
Tex 【recently】 bought a printer.	テックスは【最近】プリンターを買った。
I'll be here for 【another】 twe hours.	【もうあと】2時間ここにいます。
It is 【likely】 that Tex will succeed.	テックスは成功【しそうだ】。
at a 【rate】 of 20% a year	年20％の【割合】で
【local】 businesses	【地元の】会社
Tex 【retire】d after 20 years of service.	20年の勤務後、テックスは【退職した】。
relationships in the 【workplace】	【職場】での人間関係
an employee's 【performance】	従業員の【成績】
a singer 【native】 to the town	その町【出身の】歌手
design a 【modern】 building	【近代的な】建物を設計する
Tex is fully 【satisfied】 with the result.	テックスは結果に十分【満足している】。
the 【author】 of a poplar book	人気本の【著者】
an 【experienced】 engineer	【経験豊かな】エンジニア
open a new 【branch】	新しい【支店】をオープンする
【develop】 a plan	計画を【作り出す】
【nearly】 two years	2年【近く】
【create】 unique designs	独自のデザインを【創造する】
receive a 【bill】	【請求書】を受け取る
by express 【mail】	速達【郵便】で
The 【total】 comes to 100 dollars.	【合計】100ドルになります。
Let me 【introduce】 Mr.Kato.	加藤さんを【紹介します】。
We 【charge】 $50 for the service.	そのサービスには50ドルを【請求します】。
high 【profit】	高い【利益】
in the 【field】 of art	芸術の【分野】で
【affect】 the price	値段に【影響する】
sales 【figure】s	売上【数字】
of all the 【work】s in the museum	美術館の全【作品】の中で
in 【original】 condition	【元の】状態で
There are no hotels in this 【neighborhood】.	この【近所】にはホテルがない。
work 【environment】	職場【環境】
【consumer】 behavior	【消費者】行動
an art 【exhibition】	美術【展】
meet in the 【cafeteria】 for lunch	昼食のために【社員食堂】に集まる
【consider】 working in Japan	日本での勤務を【考える】
signs of 【improvement】	【改善】の兆し
【possibility】 of success	成功の【可能性】
be widely 【regarded】 as	～と広く【みなされる】
a 【lack】 of information	情報【不足】
Tickets are 【available】 online.	チケットはオンラインで【入手可能】です。
Tex 【prevented】 us from entering the room	テックスは私たちが部屋に入るのを【妨げた】。
The team was 【praised】 by the CEO.	そのチームはCEOに【ほめられた】。
an 【excellent】 service	【素晴らしい】サービス
【announce】 the winners	入賞者を【発表する】
a 【round-trip】 ticket to Hawaii	ハワイへの【往復の】チケット
a job 【opening】	仕事の【空き】
The campaign 【resulted】 in success.	そのキャンペーンは成功という【結果になった】。
【report】 to work before a shift begins	シフトが始まる前に出勤を【報告する】
【recover】 losses	損失を【取り戻す】
results of a 【study】	【研究調査】の結果
market 【research】	市場【調査】
meet 【demand】	【需要】を満たす
【hire】 an assistant	アシスタントを【雇う】
while 【touring】 the factory	工場を【見学している】間
bus 【fare】	バスの【運賃】
【necessary】 forms	【必要な】用紙
The deadline is 【approaching】.	期限が【近づいている】。
Tex was 【aware】 of the problem.	テックスは問題に【気付いていた】。
an 【increasingly】 important role	【ますます】重要な役割
a 【former】 job	【前の】仕事
the 【cause】 of the problem	問題の【原因】
We are 【pleased】 with the final result.	最終結果に【満足している】。
Tex is 【responsible】 for training employees.	テックスは従業員の研修を【担当している】。
an 【appointment】 with a doctor	医者の【予約】
make travel 【arrangements】	旅行の【手配】をする
【full-time】 employees	【常勤の】社員
【absolutely】 free of charge	【完全に】無料で
send a 【resume】	【履歴書】を送る
Please 【note】 that	～に【注意して】ください
visit a 【client】	【顧客】を訪問する
【post】 changes on the bulletin board	掲示板に変更を【提示する】
shop 【directly】 from a Web site	ホームページから【直接】買い物をする
【blame】 Tex for the failure	失敗をテックスの【せいにする】
Tex is 【expected】 to arrive tomorrow.	テックスは明日到着する【予定だ】。
The program is useally 【broadcast】 on Saturdays.	その番組は通常土曜日に【放送される】。
returns 【policy】	返品【規程】
Tex 【offered】 to work the night shift.	テックスは夜のシフトで働くことを【申し出た】。
【forward】 an e-mail	メールを【転送する】
we 【firmly】 believe that	我々は～だと【固く】信じている
The catalog is 【divided】 into three sections.	カタログは3つのセクションに【分かれて】います。
the table of 【contents】	【内容】一覧（目次）
a 【guided】 tour	【ガイド付きの】ツアー
a 【degree】 in journalism	ジャーナリズムの【学位】
conveniently 【located】 near a subway station	地下鉄の駅の近くの便利な【場所にある】
receive a warm 【welcome】	温かい【歓迎】を受ける
We are happy to 【inform】 you that	～を【知らせる】ことができて嬉しい
Sales have 【doubled】 this year.	売上が今年【2倍になった】
The town is 【crowded】 with tourists.	町は旅行客で【混雑している】
be 【familiar】 with the industry	業界について【よく知っている】
【earn】 the respect of people	人々の尊敬を【得る】
【operate】 a machine safely	機械を安全に【操作する】
I prefer an 【aisle】 seat.	【通路】側の席がいいです。
as we 【mentioned】 before	以前【申し上げた】通り
a way of 【attracting】 customers	お客様を【引き付ける】方法
a 【highly】 successful buisinessperson	【非常に】成功しているビジネスパーソン
a 【serious】 problem	【重大な】問題
main 【duties】 of a teacher	教師の主な【任務】
a commercial 【distract】	商業【地区】
a 【private】 tour	【少人数の】ツアー
a 【reasonable】 price	【手頃な】値段
【correct】 information	【正しい】情報
basic 【functions】	基本【機能】
Few companies can 【match】 our quality service.	当社の質の高いサービスに【匹敵する】会社はほとんどない
【fairly】 common	【かなり】普通の
【fuel】 costs	【燃料】のコスト
【book】 a room	部屋を【予約する】
the 【host】 of a televition show	テレビショーの【司会者】
hire 【additional】 staff	【追加の】スタッフを雇う
this year's 【budget】	今年の【予算】
a travel 【agency】	旅行【代理店】
a repair 【crew】	修理【係】
【labor】 cost	【人件】費
【overseas】 markets	【海外】市場
【prove】 to be difficult	難しいと【わかる】
【provide】 Rex with information	テックスに情報を【提供する】
the 【checkout】 counter	【レジ】カウンター
safety 【standards】	安全【基準】
【practical】 experoence	【実務の】実験
【ability】 to speak three languages	3か国語を話す【能力】
Thank you for your 【cooperation】.	ご【協力】ありがとうございます。
【Surprisingly】,Tex passed the exam.	【驚いたことに】テックスは試験に合格した。
【handling】 costs	【手数】料
Employees are 【encouraged】 to attend the event.	従業員がイベントに参加することを【推奨します】。
the 【production】 area	【生産】エリア
【deliver】 a presentation	プレゼンを【行う】
the 【current】 employees	【現在】の従業員
the second round of 【interviews】	二次【面接】
【following】 the speech,we had dinner.	スピーチに【続いて】、夕食会があった。
office 【supply】	オフィス【用品】
oder some light 【bulbs】	いくつか【電球】を注文する
The book is 【worth】 reading.	その本は読む【価値がある】
a customer 【survey】	顧客【アンケート調査】
stay at a 【nearby】 hotel	【すぐ近くの】ホテルに泊まる
Tex lives in the 【suburbs】 of Tokyo.	テックスは東京の【郊外】に住んでいる。
【preserve】 the environment	環境を【保護する】
a 【separate】 dining room	【個別の】ダイニングルーム
before signing a 【contract】	【契約】に署名する前に
the person who has the most 【authority】	最も【権限】を持った人
the 【wage】 level	【賃金】水準
make 【advances】 in technology	技術で【進歩】を遂げる
【throughout】 the summer	夏の【間中ずっと】
【effective】 advertising campaigns	【効果的な】広告キャンペーン
on a 【typical】 Saturday night	【普段の】土曜日の夜
a 【rapidly】 growing company	【急速に】成長している会社
professional 【background】	職業上の【経歴】（職歴）
【slightly】 increased from 24 to 27 percent	24%から27％に【わずかに】増えた
travel 【expenses】	出張【経費】
【found】 a company	会社を【設立する】
be a 【eager】 to know	知り【たがる】
products on 【display】	【展示】されている製品
【seek】 interns for the summer	夏季研修生を【募集する】
paid 【leave】	有給【休暇】
I 【suspect】 that Tex is lying.	テックスは嘘をついているだとうと【思う】。
have no 【previous】 experience	【以前の】経験がない
【achieve】 a sales target	販売目標を【達成する】
a recently formed 【organization】	最近結成された【団体】
【particularly】 interested in history	歴史に【特に】興味がある
an 【essential】 part of the job	仕事の【最も重要な】部分
museum 【exhibits】	博物館の【展示物】
free 【shuttle】 service	無料の【送迎】サービス
fill out an 【application】	【応募書類】に記入する
a 【valuable】 addition to the team	チームの【貴重な】新戦力
Sales rose 【sharply】	売上げが【急激に】上がった
health 【insurance】	健康【保険】
【identify】 problems	問題を【特定する】
【explore】 the possibility	可能性を【探る】
【suitable】 for outdoor use	アウトドア用に【適した】
under the 【regulation】	【規制】の下で
【propose】 a budget	予算を【提案する】
【reschedule】 an appointment	アポを【予定変更する】
prepare for the 【upcoming】 event	【今度の】イベントの準備をする
share a 【wealth】 of knowledge	【豊富】な知識をシェアする
I have 【attached】 my resume.	履歴書を【添付しました】
【immediately】 solve the problem	問題を【ただちに】解決する
I haven't seen Tex 【lately】	【最近】テックスを見ていない
【confirm】 a booking	予約を【確認する】
The room can 【fit】 50 people.	その部屋には50人が【入る】。
【negotiate】 with a client	顧客と【交渉する】
an 【ideal】 location	【理想的な】立地
【distribute】 a document	書類を【配布する】
truly 【rare】	本当に【まれな】
【formally】 announce	【正式に】発表する
Workers are 【required】 to wear uniforms.	作業員は制服の着用を【求められます】。
【comfort】 and convenience	【快適さ】と便利さ
All flights have been 【delayed】.	すべての便が【遅れています】。
a job 【description】	職務内容の【説明】
The company is 【struggling】 to survive.	その会社は生き残るために【奮闘している】。
Tex was 【appointed】 chairperson of the committee.	テックスは委員会の議長に【指名された】。
work 【mainly】 in the steel industry	【主に】鉄鋼業界で働く
in alphabetical 【order】	アルファベット【順】
Please 【refer】 to the map.	地図を【参照して】ください。
a 【series】 of lectures	【一連】の講義
both managers and 【tenants】	管理人も【入居者】も
【analyze】 customer feedback	お客様の意見を【分析する】
I think it's a 【bargain】.	それは【お買い得品】だと思います。
ten locations,【including】 Tokyo and Osaka	東京と大阪を【含む】10店舗
carefully 【review】 the manual	マニュアルに丁寧に【目を通す】
【equally】 important	【同じくらい】重要な
relationships with 【suppliers】	【納入業者】との関係
employee 【benefits】	従業員の【福利厚生】
I'm writing in 【response】 to your letter.	お手紙へのご【返事】です。
pay on a monthly 【basis】	月【単位】で支払う
【temporary】 workers	【臨時雇いの】従業員
traffic 【updates】	交通の【最新情報】
【ease】 of use	使い【やすさ】
a workshop on business 【finance】	企業【財務】についての研修会
an exciting and 【memorable】 trip	エキサイティングで【記憶に残る】旅行
We 【regret】 to inform you that	～をお知らせする事を【残念に思います】
advance 【notice】	事前【告知】
The project is in 【progress】.	プロジェクトが【進行】中だ。
I had an 【opportunity】 to see Tex.	テックスに会う【機会】があった。
at the time of 【purchase】	【購入】時
【decline】 to respond	返事するのを【断る】
【sufficient】 time	【十分な】時間
【determine】 how to sell the product	製品の売り方を【決定する】
【participate】 in the seminar	セミナーに【参加する】
Mobile phones are 【gradually】 replacing computers.	携帯電話が【徐々に】コンピューターに取って代わっている
【establish】 a business	会社を【設立する】
Please read all the 【instructions】	【説明書】をすべてお読みください。
attention to 【detail】	【細部】にわたる注意
【properly】 trained staff	【きちんと】訓練されたスタッフ
Tex's 【attempt】 to become a singer.	歌手になろうとするテックスの【試み】
a 【property】 manager	【物件】の管理人
the 【border】 between California and Arizona	カリフォルニアとアリゾナの【境】
【influence】 the decision	結論に【影響を与える】
a strong 【presence】 in the area	地域での強い【存在感】
Tex was 【seldom】 seen in public.	テックスは【めったに】公に姿を見せ【なかった】
【aim】 to cut energy use	エネルギーの使用を減らすことを【目指す】
【somewhat】 more expensive than I expenced	私が予想していたより【いくぶん】値段が高い
teachers and students 【alike】	教師も生徒も【同様に】
【evidence】 of payment	支払いの【証拠】
the 【savings】 rate	【貯蓄】率
Tex 【represented】 the company at the event	テックスはイベントで会社の【代表と務めた】
the 【entire】 staff	【全】スタッフ
a popular 【architect】	【人気の】建築家
【publish】 a magazine	雑誌を【出版する】
a scientific 【journal】	科学の【専門誌】
【imports】 from china	中国から【輸入品】
a Seattle 【based】 firm	シアトルに【拠点を置く】会社
the 【packaging】 area	【梱包】エリア
a wide 【range】 of service	広【範囲】のサービス
What is【imply】 about the hotel?	ホテルについて何が【ほのめかされて】いますか。
What can be【infer】red from the letter?	手紙から何が【推察できます】か。
What is 【stated】 about the hotel?	ホテルについて何が【述べられています】か。
Who is the 【intended】 audience?	【対象としている】聞き手は誰ですか。
a 【commuter】 train	【通勤者】が乗る電車（通勤電車）
an empty 【warehouse】	空の【倉庫】
a car 【manufacturer】	自動車【メーカー】
We are 【delighted 】to see you	お会いできてとても【嬉しい】です。
the 【method】 of payment	【支払い】方法
certainly different form the 【traditional】 styles	【伝統的な】スタイルとは確かに異なる
【efficient】 use of energy	エネルギーの【効率的な】使用
【avoid】 wasting time	時間の無駄遣いを【避ける】
bank 【balance】	銀行の【残高】
Can I 【exchange】 this for a larger size?	これをもっと大きなサイズと【交換】できますか。
the 【search】 for the next president	次の社長【探し】
a 【specific】exchange	【具体的な】例
the grand opening 【celebration】	グランドオープンの【お祝い】
celebrate the twentieth 【anniversary】	20【周年】を祝う
a 【rent】 increase	【家賃】の値上げ
Tex won; 【therefore】, he is happy.	テックスは勝った。【従って】、彼はハッピーだ。
Tex is poor. 【Nevertheless】, he is happy.	テックスは貧しい。【それにもかかわらず】、彼はハッピーだ。
The book is 【accompanied】 by a CD.	その本にはCDが【付いてきます】。
【Complaints】 about the noise	騒音についての【苦情】
【maintain】 a Web site	ホームページを【維持】管理する
express 【concern】	【懸念】を表す
Our products are 【recognized】 for their quality.	当社の製品は品質の高さで【認められて】います。
【various】 designs and patterns	【さまざまな】デザインや柄
Thank you for your 【assistance】	ご【支援】ありがとうございます。
Tex 【tr（）ansfer】red to Mexico City.	テックスはメキシコ市に【転勤した】。
【process】an order	注文を【処理する】
【approve】a plan	計画を【承認する】
make 【suggestion】s	【提案】を行う
【committee】 members	【委員会】のメンバー
a negative 【impact】	ネガティブな【影響】
Please 【direct】 any questions to Tex.	質問はテックスの【の方にして】下さい。
write a 【memorandum】	【社内文書】を書く
50% of the 【workforce】	【全従業員】の50%
the time of 【arrival】	【到着】時刻
Tex was 【rewarded】 with a bonus.	テックスはボーナスで【報いられた】。
【store】 food in a refrigerator	冷蔵庫に食べ物を【保存する】
a 【casual】 reader	【時折】本を読む人
a 【complex】 system	【複雑な】システム
The city 【boast】s two famous museums.	市は2つの有名な美術館を【誇る】
【loyal】 cystiners	【常連の】顧客
a 【large-scale】 project	【大規模な】プロジェクト
the 【permanent】collection	【常設の】展示物
a common 【practice】	当たり前の【習慣】
make a 【flyer】	【チラシ】を作る
read the 【minutes】	【議事録】を読む
We 【apologize】 for the inconvenience	ご不便をおかけしますことを【お詫びします】。
hold a 【drawing】	【抽選会】を行う
Tex Kato 【star】s in the film	テックス加藤はその映画で 【主演している】。
【stress】the importance of reading	読書の重要性を【強調する】
a hotel in a beautiful 【setting】	美しい【環境】にあるホテル
【domestic】 market	【国内の】市場
make a 【debut】	【デビュー】する
a medical 【device】	医療【機器】
high 【income】	高い【収入】
a research 【facility】	研究【施設】
a research 【institution】	研究【機関】
work 【closely】 with Tex	テックスと【密に】仕事をする
reduce the 【workload】	【仕事量】を減らす
a special 【occasion】	特別な【行事】
consumer 【trend】s	消費者の動向
【disappointing】 sales	【期待外れの】売上
pay a $10 【fine】	10ドルの【罰金】を払う
【endangered】 animals	【絶滅寸前の】動物
A Q&A 【session】	質疑応答の【時間】
Tex is 【capable】 of doing the job.	テックスにはその仕事をする【能力がある】
【exceed】 expectations	期待を超える
The event will 【conclude】 with a concert.	イベントはコンサートで【締めくくられる】予定です。
use 【caution】	【注意】を払う
The machine will 【automatically】shut down.	その機械は【自動的に】電気が切れます。
The meeting will begin 【shortly】	会議は【じきに】始まります。
【guarantee】same day delivery	同日配送を【保証する】
put stronger 【emphasis】 on	～により重点を置く
【remind】 employees about the policy	従業員に規制に関して【再確認する】
a letter of 【recommendation】	【推薦】状
Tex is 【willing】 to work overseas.	テックスは海外で働く【意思がある】。
【award】s ceremony	授賞式
a high 【concentration】 of restaurants	たくさんのレストランが【集まる場所】
without 【permission】	【許可】なしに
a family-owned 【firm】	家族経営の【会社】
The scholarship 【enable】d Tex to study abroad.	奨学金の【おかげで】テックスは海外で勉強【できた】。
checked 【luggage】	預け入れ【手荷物】
Please 【fasten】your seat-belts.	シートベルとを【締めて下さい】。
Can i borrow your 【stapler】?	【ホッチキス】をお借りできるますか。
【submit】a report	レポートを提出する
【obtain】 an official license	公認の免許を【取得する】
【release】 the sales figures	売上数字を【発表する】
【readily】 available	【簡単に】手に入る
【frequent】 bus service	【頻繁な】バスの運行
the 【produce】 section of a supermarket	スーパーの【農産物】売り場
a 【regularly】 updated list	【定期的に】更新されるリスト
【despite】 the snow	雪【にもかかわらず】
display 【merchandise】	【商品】を陳列する
the company 【guidelines】	会社の【指針】
an 【annual】report	【年次】報告書
a【leading】 expert	【一流の】専門家
【proceed】 to the boarding gate	搭乗口に【進む】
【postpone】 a meeting	会議を【延長する】
the data 【indicate】s that	データーが～を【示している】
each 【individual】 in the company	会社の一人一人の【個人】
the 【initial】plan	【当初の】計画
【Admission】 is free for all members	メンバーは【入場】無料です
talk with a 【colleague】	【同僚】と話をする
【secure】 access to the information	情報への【安全な】アクセス
for a 【limited】time	【限られた】時間
flight delays and 【cancellation】s	フライトの遅れと【キャンセル】
【compete】with large companies	大会社と【競う】
any questions【concerning】 the order	注文に【関する】質問
【reject】a proposal	提案を【却下する】
a 【heavily】 used bus route	【非常に頻繁に】使われるバスの路線
have the 【potential】	【(潜在的な)可能性】がある
an 【estimate】 for the project	プロジェクトの【見積り】
an 【in-house】 designer	【社内の】デザイナー
Tex was unable to 【locate】the book.	テックスはその本を【見つける】ことができなかった。
find a 【solution】	【解決策】を見つける
production 【capacity】	生産【能力】
Tex can 【barely】 understand English.	テックスは【かろうじて】英語が理解できる。
the scheduled 【departure】 date	【出発】予定日
a 【brief】 report	【短い】報告書
a three-year 【warranty】	三年【保証】
a cost 【comparison】	コストの【比較】
【contribute】to a team	チームに【貢献する】
a high 【priority】	高い【優先順位】
The committee 【consist】s of five members.	委員会は5人のメンバーで【構成されている】
Call me at 【extension】 4649．	【内線】4649に電話下さい。
Thank you for your 【hospitality】.	【おもてなしに】感謝します。
due to 【mechanical】 trouble	【機械の】トラブルが原因で
The book 【contain】s useful information	その本には役立つ情報が【含まれている】
an 【editor】 at a newspaper	新聞の【編集者】
Tex is not 【athletic】	テックスは【運動好き】ではない。
the 【mayor 】of Text Town	テックス・タウンの【町長】
We were 【impressed】 by his knowledge	我々は彼の知識に【感心した】
name, address, and 【occupation 】	氏名と住所、【職業】
【existing】customers	【従来の】顧客
Applicants must be 【fluent】 in Mandarin	応募者は中国語が【ペラペラで】なければなりません。
permission from a 【supervisor】	【上司の】許可
【focus】 on overseas markets	海外市場に【集中する】
【outstanding】balance	【見支払いの】残高
a large 【conference 】room	大きな【会議】室
a natural 【consequence】	自然な結果
a 【sealed】 container	密封された入れ物
Tex was not 【involved】 with the project	テックスはそのプロジェクトに関わっていなかった
an 【urgent】request	緊急の依頼
a flight to Seattle 【via】 Denver	デンバー経由シアトル行きの便
when entering the 【laboratory】	研究所に入るとき
a previous 【engagement】	前からの約束(先約）
【proudly】 announce	誇らしげに発表する
the 【launch】 of a new product	新商品の発売
a 【significant】 increase in profits	かなりの利益増
reduce costs by a 【substantial】 amount	かなりの額のコストを削減する
the 【overall】 budget	全体の予算
We are 【committed】 to providing quality service	当社は質の高いサービスを提供することに熱心に取り組んでいます。
【Altogether】, 300 people came to the party.	全部で300人がパーティに来場した
【household】 products	家庭用製品
【alter】 the schedule	スケジュールを変更する
【assure】 Tex that	テックスに～を保証する
be directly 【exposed】 to the sun	太陽に直接さらされる
the opening 【remarks】	開会の言葉
The company is 【pursuing】 a new market	その会社は新しい市場を追い求めている
over the past two 【decades】	過去20年間に渡って
Please do not 【hesitate】 to contact us	遠慮することなくご連絡ください
a more 【profitable】 market	より利益になる市場
make 【adjustments】 to the plan	計画を調整する
electronic 【components】	電子部品
【adopt】 a plan	計画を採用する
an 【alternative】 date	代わりの日
a 【mutual】 interest	共通した興味
a normal 【procedure】	通常の手続き
at regular 【intervals】	一定の間隔を置いて(定期的に）
artists and 【craftpeople】	芸術家と職人
a convention 【venue】	会議の会場
a sales 【representative】	営業担当者
by public 【transportation】	公共の交通機関で
【invest】 in a new plant	新工場に投資する
【affordably】 priced items	手ごろに値付けられた商品
research 【findings】	調査でわかったこと
【timely】 announcement	タイミングのよい発表
the most 【promising】 applicant	もっとも有望な候補者
travel 【tips】 about packing	旅行の際の荷作りのコツ
a 【stable】 supply of electricity	電気の安定した供給
a 【steep】 drop in sales	売上の大幅な落ち込み
We are 【confident】 that	我々は～と確信している
We are 【convinced】 that	我々は～と確信している
【retain】a receipt	レシートを保管する
Please find 【enclosed】 by resume	履歴書を同封いたしましたのでご覧ください。
【acquire】 a company	会社を買収する
experience in a 【related】 field	関連した分野での経験
I 【definitely】 need the item	私は絶対にその品物が必要だ
an 【excerpt】 from a speech	スピーチからの抜粋
【distinguish】 between cause and effect	原因と結果を区別する
a 【relatively】 recent trend	比較的最近のトレンド
【thorough】 review	徹底的な検討
take 【measurements】 of a table	テーブルの寸法を測る
under any 【circumstance】	いかなる状況下でも
【overcome】 the difficulties	困難を乗り越える
an 【immense】 amount of money	非常に大きな額のお金
file a 【claim】	申し立てを行う
a 【panel】 of experts	専門家グループ
the bottom 【portion】 of the ticket	チケットとの下の部分
all company 【personnel】	全社員
Telephone service was 【restored】 this morning	通話サービスは今日の午前中に復旧した
【conduct】 a survey	アンケート調査を行う
【assume】 responsibility	職務を引き受ける
produce 【dependable】 cars and trucks	信頼できる車とトラックを生産する
【accurate】 sales figures	正確な売上の数字
I really 【appreciate】 your help	助けていただいて本当に感謝しています。
【primary】 duties	主な任務
Teaching experience is 【desirable】	指導経験があることが望ましい
【deposit】 and balance	頭金と残金
the 【completion】 of the project	プロジェクトの完了
【appropriate】 clothes for a job interview	面接に適した服装
a 【challenging】 task	やりがいのある任務
various 【factors】	さまざまな要因
local 【residents】	地元の住民
【proof】 of purchase	購入の証明
【vote】 against a proposal	提案に反対票を投じる
a rental 【agreement】	賃貸契約書
check 【extremely】 carefully	非常に丁寧にチェックする
Michael's personal 【physician】	マイケルの個人医師
【track】 an order	注文を追跡する
shipment 【status】	配送状況
locally grown 【crops】	地元で育てられた作物
a 【landscaping】 company	造園会社
【severe】 damage	深刻なダメージ
a 【luxury】 sedan	高級セダン車
daily 【output】 of a factory	工場の一日の生産量
a 【remote】 mountain village	人里離れた山村
The problem was 【resolved】	問題は解決された
the new employee 【orientation】	新入社員向け説明会
a 【packet】 of materials	袋入りの資料
a 【spacious】 room	広々とした部屋
a 【modest】 increase in price	小幅の値上げ
【impose】 a fee on customers	顧客に料金を課す
a 【minimum】 of ten years	最低10年
a heated 【debate】	白熱した討論
a regular 【checkup】	定期的な健康診断
the 【reverse】 side	裏側
【organize】 an event	イベントを取りまとめる
find a 【replacement】 for Tex	テックスの後任を見つける
for no 【apparent】 reason	明確な理由なしに
reduce 【inventory】	在庫を減らす
a newly 【renovated】 library	新しく改装された図書館
contact a 【reference】	照会先に連絡を取る
【consistently】 rank among the top 10 universities	常にトップ１０の大学にランクインしている
the highly 【anticipated】 new book	非常に期待されている新刊
a strong 【commitment】 to quality	品質への強い約束
【retail】 stores	小売店
improve 【productivity】	生産性を改善する
Tex has been 【assigned】 the work	テックスはその仕事を任された。
【renew】 a contract	契約を更新する
a successful 【candidate】	合格するような候補者
the original 【quote】	最新の提示価格
reply 【swiftly】	すばやく返答する
find even the smallest 【defects】	小さな欠陥でさえも発見する
an 【economical】 printer	低コストのプリンター
escort visitors to their 【destinations】	目的地まで旅行者に付き添う
【illustrate】 the point	ポイントを説明する
a 【dominant】 position in the market	市場での圧倒的なポジション
The meeting starts 【promptly】 at 1 P.M.	会議は午後１時ちょうどに始まります
【outdated】 TOEIC books	時代遅れのTOEIC本
The weather in Auckland is quite 【agreeable】	オークランドの天気はとても快適です。
Tex 【occasionally】 travels abroad.	テックスは時々海外に出張する。
【inspect】 a building	建物を検査する
a marketing 【strategy】	マーケティング戦略
wear 【protective】 clothing	防護用の服を着用する
【resume】 operations	操業を再開する
A new security system was 【implemented】	新しいセキュリティシステムが実施された
the 【transition】 from student to professional	学生から社会人への移行
【transform】 a supply room into an office	備品室をオフィスに一変させる
【assemble】 the materials	資料を一つにまとめる
【alert】 Tex to the problem	テックスに問題を知らせる
performance 【evaluation】	成績評価
an 【option】 to change the date	日付を変更する選択肢
I have eaten at 【numerous】 local restaurants.	私は数多くの地元のレストレンで食事をしたことがあります
an 【accomplished】 designer	熟練したデザイナー
【deserve】 a promotion	昇進に値する
a dress 【patterned】 with flowers	花の模様が入ったドレス
Street parking is 【prohibited】 in this area.	路上駐車はこの地域では禁止されています
provide 【relief】 to people	人々に安らぎを与える
the company's 【mission】	会社の使命
【restrict】 employees from accessing the Internet	従業員がインターネットにアクセスすることを制限する
The weather is cold, so dress 【accordingly】	気候が寒冷なので、それに応じた服を着てください
a 【pension】 plan	年金計画
some experts 【predict】 that	数名の専門家は～と予想している
Tex was 【eventually】 promoted the CEO.	テックスは最終的にはCEOに昇進した。
an 【innovative】 technology	革新的な技術
the scene of the 【investigation】	調査の現場
【reserve】 the right to cancel an order	注文をキャンセルする権利を保有する
three 【district】 features	３つのはっきり異なる特徴
【register】 for employee training	社員研修に登録する
The facility 【houses】 six laboratories.	その施設には６つの研究所が入っている
【resign】 without notice	予告なしに辞任する
【delicate】negotiations	細心の注意が必要な交渉
【honor】 an employee	社員を称える
a six-piece 【assortment】	６個入りの詰め合わせ
【substitute】 butter for vegetable oil	植物油の代わりにバターを使う
【relocate】 an office	オフィスを移転する
Tex was 【reluctant】 to talk about it.	テックスはそのことについて話したがらなかった
【dispose】 of garbage	ゴミを処分する
work 【independently】 and as a team member	単独でもチームの一員としても働く
The problems all 【stem】 from Tex.	問題はすべてテックスから生じる
【convert】 a warehouse into an office	倉庫をオフィスに改造する
【urge】 Tex to change his mind	テックスに考えるよう強く促す
【enlarge】 a house	家を増築する
It is 【doubtful】 that Tex will succeed	テックスが成功するかは疑問だ
The machine is still 【functional】	その機械はまだちゃんと機能している
【fulfill】 a requirement	必要条件を満たす
【approximately】 two hours	約２時間
corporate 【headquarters】 in New York	ニューヨーク本社
form an 【alliance】	提携関係を築く
【routine】 maintenance work	普段行われているメンテナンス作業
【undertake】 a study	調査を引き受ける
highly 【knowledgeable】 about investments	投資について非常に知識が豊富な
The company 【specializes】 in Web design.	その会社はウェブデザインを専門にしている。
the first 【phase】	第一段階
a construction 【permit】	建設許可証
a 【regional】 sales meeting	地域の営業会議
My driver's license 【expires】 in April.	私の運転免許証は４月に期限が切れます。
the sales 【outlook】	売上見通し
【generous】 contributions to a charity	慈善団体への寛大な寄付
Each room is 【equipped】 with Internet access.	それぞれの部屋にはインターネットが備わっています。
【install】 a new printer	新しいプリンターを設置する
ask for a 【prescription】	処方箋を依頼する
【recipients】 of the prize	賞の受賞者
the new 【recruits】	新入社員
The price includes flights and 【accommodations】	料金には航空運賃と宿泊費が含まれています
obtain a 【grant】	補助金を得る
seat and meal 【preferences】	座席と食事の希望
Sales have been increasing 【steadily】	売り上げは着実に伸びている
【suspend】 production	生産を一時停止する
【consult】 a doctor	医師に相談する
【ensure】 that the products are safe	製品が安全であることを保証する
【tourism】 industry	観光産業
without the written 【consent】	書面での同意なしに
Make sure you have all your 【belongings】	所持品をお持ちか、ご確認ください。
a local 【grocery】 store	地元の食料品店
receive a 【paycheck】	給料を受け取る
【flexible】 work hours	フレックスタイム制
the former and the 【latter】	前者と後者
modify a contract	契約を修正する
operate in multiple countries	複数の国で営業する
profile a businessperson	ビジネスパーソンの人物紹介をする
rapidly and precisely	迅速かつ正確に
Tex was exhausted.	テックスは疲れ切っていた
a timeline of events	イベントの予定表
a six-digit code	6桁のコード
reimburse travel expenses	旅費を払い戻す
reach a compromise	妥協点に達する
the objective of the survey	アンケート調査の目的
check the Web site periodically	ホームページを定期的にチェックする
extensive analysis	詳細な分析
a combined effort	共同の努力
Tex repeatedly called the number.	テックスは何度もその番号に電話した。
We are dedicated to providing quality service.	当社の質の高いサービスを提供することに尽力しています。
an adequate explanation	十分な説明
use fresh ingredients	新鮮な材料を使う
open an outlet in Japan	日本で店舗をオープンする
Sales have increased considerably.	売上がかなり上がった
Tex is qualified for the position.	テックスはその職に適任だ。
acknowledge receipt of the order	注文を受け取ったことを知らせる
a reliable secretary	頼りになる秘書
a well-deserved reputation	確固たる評判
prepare an agenda beforehand	前もってアジェンダを用意する
valid until the end of May	5月まで有効な
an inspiring speech	やる気の出るスピーチ
work a lot of overtime	長時間残業する
an authorized dealer	公認の販売店
easily accessible by train	電車で簡単に行ける
give a superb presentation	素晴らしいプレゼンを行う
donations to the museum	ミュージアムへの寄付
revise a plan	計画を修正する
Refreshments will be served.	軽食が出ます
Whereas sales increased, profits dropped.	売り上げが伸びた一方で、利益は減少した。
the regulations clearly specify that	規則には～とはっきり記されている。
countless times	数えきれないほど何度も
media coverage	メディアの報道
Tex is looking forward to the banquet.	テックスは夕食会を楽しみにしている。
dependence on imported oil	輸入石油への依存
The system worked execeptionally well.	そのシステムは非常にうまく機能した。
The rent inculuds all utility.	家賃にはすべての公共料金が含まれています。
Thank you for your inquiry.	お問合せありがとうございます。
unfavorable market conditions	好ましくない市状
be comparable in size to Tokyo Dome	大きさで東京ドームに匹敵する
wasteful spending	無駄な出費
a blueprint for the new theater	新しい劇場の設計図
an administrative assistant	管理アシスタント
a storage facility	貯蔵施設
a copy of the certificate	認定証の写し
the remainder of the budget	予算の残り
a bank transaction	銀行取引
This is Tex Kato from Tex Pharmacy.	テックス薬局のテックス加藤です。
boost the company's profit	会社の利益を押し上げる
The staff was courteous	スタッフは礼儀正しかった。
generate profits	利益を生み出す
pay tuition fees	授業料を払う
the most recent statistics	一番最近の統計
fill out a questionnaire	アンケート用紙に記入する
subscribe to a magazine	雑誌を購読する
summary	短い要約
The pipe under the sink is leaking.	流しの下のパイプから水が漏れている。
the assessment of the value	価値の評価
a motivated individual	やる気のある方
a diverse group of experts	多種多様な専門家グループ
a full refund	全額返金
monitor inventory levels	在庫レベルを監視する
publicize a book	本を宣伝する
be eligible to receive paid holidays	有給休暇を受け取る資格がある
a complimentary breakfast	無料の朝食
damage in transit	輸送中のダメージ
kitchen appliances	台所用電化製品
Please refrain from using mobile phones.	携帯電話のご利用はお控えください。
a product brochure	製品のパンフレット
an informative seminar	役立つセミナー
Add salt to enhance the flavor.	風味を高めるために塩を加える。
prior to the meeting	ミーティングの前に
a two-year lease	2年間の賃貸契約
give an overview	概略を説明する
clarify the situation	状況をはっきりさせる
The report was clear and concise.	そのレポートはわかりやすく簡潔だった。
We are really understaffed.	本当に人手不足です。
an embarrassing failure	恥ずかしい失敗
send an itinerary	旅程表を送る
in a calm manner	冷静な方法で
make upgrades to the air conditioning system	冷暖房システムを改良する
mergers and acquisitions	合併買収(M&A)
notify employees of the change	従業員に変更を知らせる
the tentative schedule	仮のスケジュール
a beverage manufacturer	飲料メーカー
be compensated for damage	損害の補償を受ける
shareholders' meeting	株主総会
a certified building inspector	資格を持った建物の検査官
work in collaboration with others	他人と共同で作業する
specifications for the project	プロジェクトの仕様書
confidential materials	機密の資料
the fund-raising diner	資金集めの夕食会
garment manufacturers	衣料品メーカー
Tex attributes his success to luck.	テックスは自分が成功したのは幸運のおかげだとしている。
a vacant unit in an apartment building	アパートの空室
She will reportedly play the lead role.	伝えられるところでは、彼女が主役を演じる予定だ。
state-of-the-art equipment	最新式の機器
Good mommunication is vital in the workplace.	良好なコミュニケーションが職場では不可欠だ。
revitalize a community	地域を再活性化する
personalize a product	製品に名入れする
a masterpiece of European painting	ヨーロッパ絵画の傑作
Please include your portfolio.	作品集を添えてください
a travel voucher	旅行券
a renowned architect	名高い建築家
French cuisine	フランス料理
Photographs capture memorable moments in life.	写真は人生の思い出の瞬間を記録します。
encounter a serious problem	問題に直面する
prominently displayed in a magazine	雑誌に目立って搭載されている
undergo training	トレーニングを受ける
Situated downtown, the hotel is convenient.	中心街に位置していて、そのホテルは便利だ。
show moderate interest	そこそこの関心を示す
because of a scheduling conflict	スゲジュールがかち合ったので
friends and acquaitances	友人や知人
positive reviews from critics	評論家からの好意的なレビュー
I'm thrilled to see you.	お会いできてとても感激しています。
abundant opportunities for career advancement	キャリアアップのための有り余る機会
Fat-free dairy products	無脂肪の乳製品
experience at a managerial level	管理職のレベルでの経験
We appreciate your patronage.	ご愛顧に感謝いたします。
a last-minute change	間際になっての変更
available exclusively to our members	メンバー限定で利用できる
a useful perspective on the topic	その話題について役に立つ考え方
safety measures	安全対策
on the premises	敷地内で
a faculty member at Tex College	テックス大学の教授陣の一員
advertising revenue	広告収入
initiate a negotiation	交渉を開始する
compile a list of participants	参加者リストを取りまとめる
the report was commissioned by Tex Corporation.	その報告書はテックス社からの委託を受けたものだ。
the biography of Steve Jobs	スティーブ・ジョブズの伝記
edit a manuscript	原稿を編集する
the vast majority of people in Japan	日本にいる人の大多数
overcome an obstacle	障害を乗り越える
a circulation desk	貸出カウンター
detect an error	ミスを見つける
be solely responsible for the decision	結論に一人で責任を持つ
strikingly different	はっきり異なる
weigh an offer	オファーを比較検討する
the trains originate from Tokyo Station.	それらの電車は東京駅始発です。
within the confines of the law	法律の範囲内で
have no obligation to do	～をする義務がない
fierce competition	激しい競争
the event coincides with Tex's birthday.	そのイベントはテックスの誕生日と重なっている。
Tex was instrumental in the project.	テックスはそのプロジェクトで重要な存在だった。
be proficient in English	英語が堪能な
speculation from industry experts	業界の専門家の推測
topics relevant to the work	仕事に関連した話題
only a fraction of the original price	元の価格のごく一部
subtle differences	微妙な違い
Tex is overwhelmed with paperwork.	テックスは事務作業の多さに圧倒されている。
a prosperous town	栄えてる町
a growth initiative	成長のための新計画
Innovation is crucial for business success.	技術革新は会社の成功に非常に重要だ。
The community enthusiastically supports the event.	地域でそのイベントを熱心に支援しています。
a sequence of events	一連の出来事
a shopping excursion	買い物のお出かけ
a picturesque village	絵のように美しい村
an antique timepiece	ｱﾝﾃｨｰｸの時計
preliminary results from a survey	調査の暫定結果
execute a plan	計画を実行する
a matter of the utmost importance	この上なく重要な事項
Construction will commence in September.	建設作業は9月に始まる
the scope of the study	調査の範囲
British shoppers and their American counterparts.	イギリスの買い物客とアメリカのそれ
apply for a patent	特許を出願する
shop online, thus avoiding the long lines	オンラインで買い物をして、そうして長い行列を避ける。
affordable yet durable	手ごろな価格だけれども耐久性がある
expertise in computer programming	コンピュータ・プログラミングの専門知識
a comprehensive list of products	製品の総合的なリスト
the subsequent day	その次の日
inclement weather	荒れた天気
excellent credentials as a scientist	科学者としての優れた経歴
Tex voluntarily left the company.	テックスは自主的に会社を辞めた。
We will not be liable for any damage.	当社では損害に関しては責任を負いません。
The dessert complements the main dish.	そのデザートはメインデッシュに合う。
energy conservation	エネルギーの節約
delegate authority to subordinates	部下に譲り渡す
make a bid	入札を行う
talk informally with the general manager	部長と気軽に話をする
unanimous approval	満場一致の承認
prospective customers	見込みの客
a letter to commend an employee	従業員をほめるための手紙
a remedy for slow sales	不審の売り上げに対する改善策
a special detergent	特殊な洗剤
withstand high temperatures	高温に耐える
give a persuasive speech	説得力のあるスピーチを行う
in the previous correspondence	前回のやり取り
intentionally delay payments	意図的に支払いを遅らせる
enforce a new policy	新しい規則を施行する
in the overhead compartment	頭上の収納スペース
strive to cut costs	コスト削減のために懸命に努力する
speak eloquently	雄弁に話す
a notable feature	注目すべき特徴
different from the predecessor	前任者と異なる
hourly workers	時間給の労働者
the kitchen is outfitted with new appliances.	キッチンには新しい電化製品が装備されています。
a good indicator of success	成功の良い指標
a security lapse	安全面の不備
as a token of our appreciation for	～への我々の感謝の印として
a subsidiary of a Japanese company	日本企業の子会社
call a plumber	配管工に電話する
The company has an on-site childcare center.	会社には社内の保育所があります。
hundreds of submissions from the readers	読者からの何百もの提出物
The tower is the town's landmark.	その塔は町の名所です。
a wildlife photographer	野生生物の写真家
an apprentice technician	技術者見習い
one of Tokyo's premier restaurants	東京で最高のレストランの一つ
a three-day intensive training seminar	3日間の集中的な研修
make amendments to the contract	契約書に修正を加える
Tex and Masaya, 16 and 18, respectively	テックスとマサヤ、それぞれ16歳と18歳
check fabric samples	生地サンプルをチェックする
catering service	仕出しサービス
a fully furnished room	完全に家具が付いた部屋
publish a periodical	定期刊行物を出版する
Everything arrived intact.	すべてが無傷で届いた。
for the duration of the event	イベントの期間中
receive a medical diagnosis	医療診断を受ける
surpass last year's sales	去年の売り上げを超える
a construction contractor	建設請負業者
staff turnover	スタッフの離職率
The rule is applicable to all employees.	その規制は全社員に適用されます。
the municipal government	市政府
an inactive lifestyle	怠惰なライフスタイル
tailor services to clients' needs	顧客のニーズにサービスを合わせる
clerical duties	事務の仕事
due to time constraint	時間に制約があるため
a prestigious title	権威のある肩書
a young entrepreneur	若き企業家
adverse health effects	健康面への良くない影響
a designated parking area	指定の注射区域
an advocate for energy efficiency	省エネの提唱者
justification for the extra fee	追加料金の正当な理由
authentic works of art	本物の芸術作品
a major reorganization	大きな組織替え
a discontinued appliance	製造が終了した電化製品
cautiously optimistic about	～について慎重ながらも楽観的な
as a precaution	予防措置として(念のため)
The proceeds will go to charity.	収益は慈善活動に回されます。
interact with colleagues	同僚と交流する
an array of books	ズラリと並んだ本
fragile items	壊れやすいモノ
persistence in job search	仕事探しでの粘り強さ
Please disregard my previous e-mail.	この前のメールは無視してください。
Colorful illustrations are integrated with the text.	カラフルなイラストが文字と融合している。
an automated message	自動化されたメッセージ
enroll in an aerobics class	エアロビクスのクラスに入る
a machine malfunction	機会の故障
an ongoing project	進行中のプロジェクト
a cold medication	風邪薬
amenities such as gyms and swimming pools	ジムやプールといった娯楽施設
in observance of the national holiday	国民の休日の行事として
a sales quota	売り上げノルマ
interpersonal skills	対人スキル
This product is endorsed by celebrities.	この製品は有名人の推薦を受けている。
an anonymous donor	匿名の寄贈者
allocate sufficient budget for a project	プロジェクトに十分な予算を割り当てる
lower costs and correspondingly	コストの削減とそれに応じた利益増
state emphatically that	～だときっぱりと述べる
a nationally syndicated radio program	全国ネットのラジオ番組
an abridged version	要約版
the company directory	社員名簿
facilitate a discussion	議論を促進する
the occupancy rate of hotels	ホテルの占有率(稼働率)
pay a premium for organic vegetables	有機野菜に割増料金を払う
The advertisement was misleading.	その広告は誤解を招く恐れがあった。
family outings	家族でのお出かけ
the copyright law	著作権法
a turnaround plan	立て直し計画
verify the test results	実験結果を検証する
a lengthy process	長期にわたるプロセス
the table looks sturdy.	そのテーブルは頑丈に見える。
reducing costs, thereby improving profitability	コストを削減し、そうすることで利益性を改善する
supplementary charts and graphs	追加の図表
affordable and nutritious dishes	手ごろな値段で栄養のある料理
solicit donations	寄付を募る
The parking lot was too congested.	駐車場は非常に渋滞していた。
during the intermission	休憩時間中に
It is pointless to discuss the matter.	その問題について話すのは意味がない。
oversee a department	部門を監督する
take the scenic route	眺めがいいルートをイク
become obsolete	時代遅れになる
unveil a new product	新商品を発表する
service interruption	サービスの中断
a rigorous testing process	厳格な検査工程
sustainable energy	環境に優しいエネルギー
It's an oversight on our part.	それはこちらの見落としです。
The event is customarily held in April.	そのイベントは通例4月に行われている。
incur a fine	罰金を受ける
a duplicate key	複製の鍵(合鍵)
terminate a contract	契約を終了させる
gain momentum	勢いが付く
dilute the paint with water	塗料を水で薄める
an affluent neighborhood	裕福な近隣地域
retrieve the data	データを取り出す
Members are exempt from the fee.	会員は料金を免除されます。
stringent quality standards	厳しい品質基準
adhere to the rules	規則に従う
conform to international standards	国際基準に従う
comply with the regulations	規則に従う
in accordance with the standards	基準に従って
consistent with the company policies	会社の方針に合った
in keeping with the company policy	会社の方針に合わせて
abide by the terms of a contract	契約条件に従う
a delegation of engineers from Japan	日本からの技術者の代表団
The Internet is integral to our lives.	インターネットは我々の生活に不可欠だ。
Wood is vulnerable to moisture.	木材は湿気に弱い。
at the discretion of the committee	委員会の裁量で
Road conditions will deteriorate.	路面の状況は悪化するだろう。
rising for an unprecedented eight months	前例のない８カ月にわたっての上昇
The company's stock price plummeted.	その会社の株価は急落した。
a lucrative business	儲かるビジネス
a resourceful manager	機転が利くマネージャー
skeptical about the possibility	可能性に懐疑的な
Using the Internet became the norm.	インターネットの使用は当たり前になった。
embrace an idea	考えを積極的に受け入れる
an insightful article	洞察力に優れた記事
consolidate two divisions into one	二つの部門を一つに統合する
Passengers were left stranded at the airport.	乗客が空港で足止めされた。
refute a claim	主張を論破する
a liaison between management and employees	経営陣と従業員の間の連絡係
be contractually obligated	契約により義務を負った
Tex found the noise objectionable.	テックスはその騒音を不快に感じた。
itemize travel expenses	出張旅費を項目分けする
janitorial services	(ビルなどの)清掃サービス
forge a relationship	関係を築く
for the third consecutive year	3年連続で
after long deliberation	熟慮の末
the impending change in leadership	間近に迫ったトップの交代
The position entails a lot of travel.	そのポジションには頻繁な出張が求められる。
a feasible plan	実現可能な計画
a critically acclaimed movie	評論家に絶賛されている映画
a newlywed who lives in Philadelphia	フィラデルフィア在住の新婚の人
hire staff on a provisional basis	スタッフを仮採用する
an unsolicited e-mail	未承諾メール
affiliation with other companies	他社との連携
It is imperative that we act now.	今行動することが必要だ。
a versatile person	多才な人
repetitive work	繰り返しの多い作業
avoid the use of jargon	専門用語の使用を避ける
an appraisal on a house	家の査定
a few minor shortcomings	いくつかの小さな欠点
strenuous efforts	精力的な努力
meticulously created artwork	細心の注意を払って作られた芸術作品
proximity to the beach	ビーチへの近さ
I inadvertently sent an e-mail to Tex.	うっかりメールをテックスに送ってしまった。
The medicine may cause drowsiness.	薬は眠気を引き起こすかもしれません。
the inaugural issue	最初の号(創刊号)
attend a mandatory meeting	参加必須の会議に出席する
speak candidly	率直に話す
the turnout for the concert	コンサートへの来場者数
diversify into new business areas	新しいビジネス分野に手を広げる
unbiased opinions	公平な意見
streamline the process	プロセスを簡略化する
a volatile market situation	変わりやすい市況
a power outage	電力の供給停止(停電)
an exquisite piece of jewelry	優美な宝飾品
pay by monthly installments	月々の分割払い
demolish a building	建物を解体する
a discrepancy between the figures	数字と数字の食い違い
Tex's career came to an abrupt end.	テックスのキャリアは突然の終わりを迎えた。
a definitive book on TOEIC vocabulary	TOEIC語彙の決定版の本
an intriguing study	興味深い調査
unrivaled in quality	品質で他の追随を許さない
during his two-year tenure	彼の2年間の在職期間中
revert to the old version	旧バージョンに戻る
the benefits outweigh the risks	メリットがリスクを上回る
elegant drapery	エレガントなカーテン
Gas prices are poised to fall.	ガソリン価格が下がりそうだ。
a sleek and attractive design	流れるような魅力的なデザイン
un exemplary employee	模範的な社員
a contingency plan	不測の事態に対する計画
for a nominal fee	ほんのわずかな費用で
deplete the budget	予算を使い果たす
the proprietor of a clothing shop	洋品店のオーナー
copyright infringement	著作権侵害
We will waive the shipping charge.	送料は請求しません。
alleviate traffic congestion	交通渋滞を緩和する
an avid reader	熱心な読者
a gala dinner	祝賀ディナー
a stagnant market	停滞した市場
a calm demeanor	穏やかな態度
perishable food items	傷みやすい食品
take a detour	回り道をする
use salt sparingly	塩を控えめに使う
temperature fluctuations	気温の変動
invigorate a company	会社を活性化する
Formal attire is required in the office.	フォーマルな服装がオフィスでは必要です。
Salary will be commensurate with the experience.	給料は経験に比例します。
a purveyor of groceries	食料品の販売業者
the keynote speaker	基調講演者
poor ventilation	風通しの悪さ
expedite a process	プロセスを早める
liquidate a company	会社を清算する
since the inception	創設以来
through your unwavering efforts	皆さんの不断の努力で
Your vocabulary has grown exponentially.	皆さんの語彙は加速度的に増えました。